cluster1,cluster2,cluster3,cluster4,cluster5,cluster6,evac_decision
2.158120486,-0.383027177,-1.117252021,-0.480470415,-1.319076189,-0.396403163,0
1.97835784,-0.70692901,4.040818376,0.047190035,-0.250563385,-0.258030642,0
0.956201,1.311641996,-0.584583201,1.560355172,-0.262691959,3.036000475,1
1.217177211,-1.658801937,-2.045728998,1.25423319,0.387369179,0.608713854,0
-0.870222242,1.311641996,-1.332267705,0.34313219,-1.32544805,0.079036714,0
-1.922076974,1.911040627,-2.18131361,-0.233054818,-1.120493224,-0.247535665,0
1.328735241,1.949529375,-2.18131361,0.947823545,1.036015878,0.611323216,0
1.736667301,-0.764025739,-2.045728998,-0.573173994,-0.277208343,1.959351126,0
1.429791701,1.949529375,-1.690927717,1.521407962,-0.899425774,-1.805945486,0
-0.927800316,-0.493594602,-0.846082796,0.153275985,4.605286547,0.149301304,0
-1.225384011,1.311641996,1.365156503,0.106480389,-0.922597844,1.619049594,0
-0.429987373,-1.339858247,0.963859519,0.325783396,-1.985639721,-2.535577198,0
0.09925263,0.992698306,-2.18131361,-0.277415405,-0.699803896,0.949015386,0
-0.889729521,-0.584065057,-1.436797994,1.210352475,-1.568147183,-0.265932606,0
2.390976194,-1.020914557,-0.720167814,-1.056473858,-1.563843459,0.865572579,0
-0.523730624,-0.764025739,-1.117252021,0.332872893,-0.661030365,0.400701557,0
1.232553966,0.239783803,4.447572213,1.547364559,-0.027108125,-1.080332394,1
1.568347307,-4.200886093,-2.045728998,-2.217192643,-2.419360898,2.695698943,0
0.586104845,1.592096937,1.153797774,-1.923773612,-2.200577274,-1.739080943,0
0.515966235,1.630585685,-1.843551832,2.447998069,1.038459541,-2.942192338,0
0.950124406,1.592096937,-1.603436929,0.916637137,-0.017423215,-2.52956779,0
2.337132373,-1.631429009,1.684324835,-1.115580646,-1.556887996,2.626775973,1
-1.607709877,1.592096937,4.726659165,-1.614840845,-1.993338622,2.152677716,1
-1.142700571,-1.082969429,0.891432471,-0.57028374,-1.540671388,1.619049594,1
-0.372936169,1.592096937,1.684324835,0.916820702,4.605286547,-0.05477636,0
-3.809515559,-0.122721316,1.103656908,-0.698534662,-0.69789767,-3.489164546,0
1.596778202,-3.377037233,4.591074552,-1.069360374,-1.978238636,2.422163722,1
0.3861138,-0.441665006,-1.572382607,0.340713163,0.180714129,-0.599065329,0
2.424867927,-0.383027177,0.620263246,0.695762106,-0.262691959,-0.728745202,0
0.694729485,0.155408598,-2.18131361,0.695578541,-0.479114046,-0.250695963,0
-0.869108666,1.949529375,-0.504120032,1.243949265,4.605286547,-3.092567325,0
1.530319331,1.311641996,-0.981667409,0.031780396,-0.465786724,-0.250695963,0
1.990700245,-0.982425809,-1.707967219,-2.808709821,1.925133737,-1.813354043,0
1.391675553,-1.020914557,-0.858921314,0.695762106,1.038459541,-0.728745202,0
1.969503074,0.754807229,-2.316898223,3.302123646,-0.477547385,-1.327247079,0
-2.60521689,1.273153247,-2.316898223,-2.808709821,-2.864994958,0.366301087,1
1.005739903,1.592096937,-1.555343104,-2.808709821,-2.864994958,-3.4857645,0
0.88752209,-1.020914557,-0.226117053,-0.82234518,-2.864994958,0.004993253,1
-0.383866077,-3.37362019,-2.316898223,0.402606109,4.605286547,-0.524132951,1
0.980400423,-0.383027177,0.343893776,-2.808709821,-0.68064215,0.608713854,1
1.470664163,-0.802514487,-0.675242876,3.318004512,4.605286547,-1.063754132,0
-2.034093432,0.662638795,0.784110934,0.034407616,4.605286547,0.145901258,0
-3.035193973,1.592096937,-0.846082796,0.608471904,4.605286547,-0.539427122,0
0.756634687,-3.524395426,0.629932875,7.97553528,-0.472742186,-0.853865628,1
-1.96465799,-4.915311847,4.45548994,-0.557213659,-1.151594128,0.08225454,1
-1.2461741,1.592096937,-2.045728998,-2.808709821,-1.563843459,-1.337264998,0
0.896782476,-1.020914557,-2.18131361,0.651985488,-0.502947429,-2.201893539,0
-1.07567068,1.592096937,-0.981667409,-0.49810687,-0.915564672,1.153627636,0
0.500558021,-1.020914557,-1.910144385,0.034303519,0.608964378,-0.597006903,0
0.668735027,-0.344538429,4.583156826,-1.056473858,-1.563843459,0.949015386,0
1.553184947,1.311641996,3.450103178,-0.320561858,-2.200577274,1.092590281,1
-2.213623487,-0.701970867,-2.316898223,-0.747541091,-0.692187122,0.143291896,0
1.482463039,0.43586354,1.093609637,0.016266661,-0.906831275,1.87724994,0
-1.455376336,1.592096937,-1.16562877,2.427471361,4.605286547,1.619049594,1
-4.123407556,0.487793136,3.257595641,0.65196086,-0.703230619,0.617941088,0
2.097222288,-0.344538429,1.093609637,-1.056473858,-1.339804597,-0.269332652,0
-1.107434772,0.701127543,3.386228105,0.35882949,4.605286547,-0.590446559,0
2.328105963,0.155408598,1.055280159,-0.498002774,4.605286547,-0.114824463,0
1.348353159,-1.020914557,-2.316898223,-0.217941486,4.605286547,-1.273658985,0
-0.427418031,-3.197076551,0.750647613,-0.567393487,-1.186393297,0.379901272,1
0.363250523,0.474352288,-1.707967219,-0.22822541,1.925133737,-1.399330347,0
0.786515172,1.630585685,-0.720167814,-0.524247033,-2.200209362,-2.94881021,0
0.684451997,0.992698306,-0.981667409,-1.146287183,-2.433717444,2.024323114,0
1.034597074,-1.835883932,4.99782839,1.192419713,-0.280521393,0.143291896,1
-2.448181985,1.949529375,-1.843551832,0.65196086,-0.712915529,0.602095981,0
2.042764717,0.43586354,-2.316898223,0.633765064,-0.675386912,-4.084266377,0
2.328105963,0.11691985,-0.981667409,0.664847376,1.255542941,-3.4857645,0
-1.539237252,1.630585685,4.447572213,-0.557397224,-0.920154181,0.744403135,0
-3.516309363,1.911040627,0.671022678,1.547180994,0.387369179,-0.584988087,0
-1.870629339,0.382183854,2.980607606,-2.808709821,-1.109316164,-2.815730291,0
-1.599041735,-0.545576309,-0.946412101,1.228068399,0.176488115,-3.14941395,0
-1.525902677,-2.240245482,0.357764391,0.68287559,-0.451931652,1.94617291,0
-1.903221688,1.592096937,2.668955353,-1.069360374,-1.976538412,3.036000475,1
-3.621794964,-0.916449595,-1.572382607,0.023940126,-0.891358961,-3.741906419,0
1.476899628,0.474352288,-2.18131361,-0.48240957,-2.640956097,1.156236998,0
1.694110309,-1.911883951,2.976756787,-2.515474355,-1.759455012,1.298726372,1
-1.254729234,0.992698306,4.99782839,0.134951465,4.605286547,2.422163722,1
2.408449744,1.592096937,0.072724551,-2.808709821,-2.864994958,3.036000475,1
1.473055263,0.597216241,-1.252836634,-2.808709821,4.605286547,2.626775973,0
1.891663564,1.592096937,-1.117252021,0.682771493,-0.036952873,-3.086557917,0
0.034743172,0.954209558,4.447572213,-0.760531703,0.175458891,2.422163722,1
1.13943755,1.311641996,-0.545663026,3.31240757,4.605286547,-4.493490879,0
2.628567803,-0.20202384,-1.572382607,-0.557397224,-0.932282755,-0.064720401,0
-1.044961649,1.592096937,-1.690927717,0.413177695,4.605286547,-4.493490879,0
-1.88501694,1.949529375,1.684324835,0.343419851,-0.896982111,-2.280043743,1
2.614462535,-1.631429009,4.45548994,-2.808709821,-2.864994958,1.49653853,0
-1.140972103,-2.059242144,2.940124578,0.608576,-1.585233178,0.685596316,0
-1.0603057,-3.769102255,1.645995357,-0.600806712,-1.795201279,-2.328355585,0
0.697033711,-1.121458177,2.564802704,1.226129244,-1.171876913,0.741793773,1
-1.149214534,1.592096937,4.99782839,7.97553528,-1.551632759,1.355630525,1
2.464079788,0.43586354,-0.855752426,1.213059163,-0.047468621,1.613040186,0
0.540533313,1.630585685,4.311987601,-0.760531703,-0.908527083,0.473024573,1
0.701471136,-1.020914557,-0.723336701,0.947527239,-0.221680766,-1.412197376,0
-1.235922618,1.592096937,-1.843551832,1.222942685,-0.692187122,-3.826066032,0
0.367002617,-0.383027177,-0.846082796,-2.808709821,-2.864994958,-0.203809728,0
-3.472854636,0.474352288,4.311987601,-1.113057523,-0.68523166,2.286474441,1
1.48602862,1.311641996,-0.720167814,-0.626971502,-2.006665944,-0.599673794,0
2.40368348,-0.663482119,2.226663285,7.97553528,-2.864994958,3.036000475,1
-2.10441755,0.155408598,-1.843551832,2.09547225,-0.256320098,-1.137969704,0
1.018305472,-0.701970867,-0.991337038,-1.671895738,-1.099181215,2.286474441,0
1.383383213,-0.344538429,-0.46203097,1.007113899,-0.050198069,-0.596273748,0
-0.22690973,1.592096937,-2.316898223,-0.451886598,-1.554660023,0.817277087,0
1.671633257,0.474352288,-2.316898223,2.430178049,4.605286547,-2.61111804,0
1.699914028,0.954209558,0.195470646,1.269826394,-0.700842808,-1.188948436,0
-1.962441141,0.11691985,-1.252836634,0.695762106,-0.262691959,-4.493490879,0
-2.36143725,-0.941612033,-1.117252021,-1.71811601,-2.421804561,0.161688836,0
1.834683028,-0.663482119,-1.707967219,0.05000082,-1.127608523,1.615098613,0
0.038892416,-0.344538429,-0.584583201,-1.954296583,4.605286547,2.028274096,0
-3.715889481,0.43586354,0.128684228,-2.2038349,-2.01584938,2.503713973,0
-1.114173934,-3.477531492,-2.18131361,-1.336639242,-1.540671388,-1.19416716,0
1.980212836,-2.020753396,-1.301213382,7.97553528,4.605286547,-1.941083831,0
1.393991146,-1.020914557,-2.18131361,-2.808709821,-1.563843459,-0.728745202,0
-0.201752701,0.155408598,2.380841343,0.899080151,-0.260909608,1.493929168,0
-0.233960914,-2.692171381,2.213824767,0.400187082,4.605286547,2.626775973,1
-3.236660725,-0.52096753,-1.707967219,-0.186650981,-0.061825167,0.063800071,0
0.690085101,0.954209558,0.373144321,-1.921250489,4.605286547,-0.263323244,1
1.72317234,-0.701970867,-2.045728998,-0.863990433,-1.983125962,1.358239887,0
-2.802033999,1.911040627,-0.587752089,0.652169053,-0.262691959,-0.181772993,0
-0.547964494,-1.020914557,3.58568779,-0.879216507,-2.195322036,2.154736143,1
-1.438879967,0.43586354,0.951021001,1.550175344,4.605286547,0.073027306,0
-0.964382381,-0.764025739,2.940124578,-0.232583591,4.605286547,2.371975674,1
1.732069513,-1.020914557,-2.18131361,1.797086441,0.599780942,0.225477069,0
-2.360085168,-0.344538429,2.804539965,0.592774603,-0.050280195,-0.391053032,0
-0.811935981,-0.710346053,1.370613356,1.360031477,4.605286547,-1.197384986,0
-0.772339887,-3.197076551,-0.504120032,-1.921066924,-1.556887996,1.823661845,0
1.192611131,1.949529375,-2.18131361,-1.671895738,-2.864994958,1.153627636,0
1.122612094,0.474352288,-2.045728998,0.000890294,-0.920369871,1.748729467,0
-0.183685141,-2.659732791,2.120706858,-1.290523067,-1.147014306,0.075636668,0
-2.659312938,0.597216241,-1.843551832,0.134767899,4.605286547,-3.879654126,0
1.317704163,1.592096937,2.700387317,-2.217192643,-1.132648071,2.626775973,1
-1.054397108,0.954209558,2.835971929,-0.806935541,-0.489460269,0.822553339,1
1.786324987,-0.916449595,-2.316898223,0.345759409,-0.677830575,-1.265699492,0
2.213770865,0.11691985,4.583156826,-0.511097483,-1.98816551,1.827061892,0
-1.968418924,1.592096937,-1.572382607,0.695762106,-0.262691959,-0.728745202,0
0.471363612,-2.368162029,0.446349156,7.97553528,-0.240263327,0.828562747,0
2.145119455,-5.234255537,0.581933768,-0.451886598,-1.121020973,0.694215087,0
0.597212127,-2.23082764,-1.910144385,-0.011996222,-1.139681244,1.196646876,1
1.375248705,-2.878132861,-2.18131361,-2.217192643,-1.987637761,3.036000475,0
-0.415908979,0.474352288,-0.190861745,0.945300423,0.180130527,-1.941083831,0
1.938423722,-0.344538429,0.891432471,0.343236286,-0.899425774,0.608713854,1
-0.564014906,-0.383027177,-2.045728998,0.296936545,-0.049081446,0.488812152,0
1.298556457,-0.383027177,0.512941709,-0.264161758,4.605286547,1.033725934,0
1.217151313,1.911040627,-1.843551832,-0.819822057,4.605286547,1.825003465,0
-0.677034138,-0.20202384,0.237559708,0.150569297,-1.339804597,-0.267274226,0
0.0548618,-1.339858247,1.95549406,0.093777438,-1.751756111,1.153627636,1
2.375882606,-2.078289246,-0.584583201,-1.674235295,-1.551714885,3.036000475,0
1.757253186,-0.383027177,-0.235786683,-2.060094871,-2.421804561,-1.73246307,0
0.343382308,-0.20202384,-2.18131361,-1.349996986,-2.647911559,-2.746807321,0
0.655772919,1.630585685,-1.910144385,7.97553528,-0.719870991,1.141000356,0
0.8455109,1.273153247,-1.555343104,-1.408999677,4.605286547,-3.4857645,0
-1.968785796,-1.260555723,-1.843551832,-0.8174825,-0.046351998,-1.802785189,0
-2.192089893,0.954209558,-0.246821423,-0.158467567,-1.345059835,0.612664836,1
0.424403068,0.43586354,-2.045728998,-2.808709821,-2.864994958,0.822553339,0
1.616200503,-2.416789121,4.311987601,-1.118287334,-1.540671388,1.810483629,1
0.922614193,-0.344538429,1.374826132,1.797006972,0.368868745,-1.206243505,0
0.864125168,1.592096937,-0.991337038,-0.863702772,-1.115765735,0.269753942,0
-1.616729763,1.592096937,0.784110934,-2.060094871,-2.864994958,3.036000475,0
-3.729804479,-0.663482119,-0.981667409,1.254416755,4.605286547,-0.252588519,0
2.560618714,-0.701970867,2.668955353,0.389640124,0.831220889,0.199489352,1
-0.293090285,-2.140294757,2.564802704,-0.527057818,-1.764342338,-0.984336185,0
0.8665876,-0.20202384,-1.843551832,-0.526586591,-2.203388849,-0.399012525,0
0.306327112,0.992698306,-1.707967219,-1.053767169,4.605286547,2.831388224,0
1.184093756,0.954209558,1.027017083,-0.510993387,-1.34224826,0.744403135,0
2.560618714,-0.383027177,1.093609637,0.63917844,-0.050198069,1.087314028,0
2.502038992,-1.377907874,-2.18131361,-0.881923195,-1.784569271,-2.61111804,0
1.436002684,-0.663482119,2.213824767,-0.215234798,-1.121020973,-1.729853708,1
-0.270774707,-2.125218358,0.310764543,-0.21775792,-1.115765735,0.275581131,0
-2.989967664,1.630585685,-1.252836634,-1.929003423,4.605286547,2.626775973,0
-1.551722114,1.592096937,-1.843551832,0.904414058,-0.036952873,-0.603624776,0
1.741597537,-0.701970867,-1.081996713,0.620590886,-0.892024689,-0.190449292,0
0.445979926,1.592096937,-0.991337038,1.786539483,-0.01792469,0.278798957,1
-1.803126774,-3.777477441,4.591074552,-2.808709821,-1.351431695,-0.91677919,1
0.39389897,-1.020914557,2.976756787,0.09107075,-0.670797402,0.815218661,1
1.217800836,0.954209558,2.668955353,0.636471752,0.602008916,1.483360314,1
0.344840903,-3.259131423,0.620263246,-0.199458028,4.605286547,1.698541419,1
-3.161389533,0.11691985,-1.910144385,-2.060094871,-2.864994958,-1.6007823,0
0.336705711,0.43586354,-2.316898223,-2.808709821,-2.864994958,0.084386845,0
0.279248352,-1.168387289,-0.517990647,-0.449075814,-0.703732094,2.040350441,0
1.070436511,0.11691985,-0.355696902,-2.217192643,4.605286547,0.815935467,0
0.889542085,-2.444162048,-2.316898223,-0.794049025,-1.356604807,0.608713854,1
1.9121881,1.592096937,-1.910144385,-0.451886598,-1.107248028,-0.181222057,0
2.406185699,1.911040627,-2.18131361,-0.174164867,4.605286547,0.145901258,0
-1.516248636,1.592096937,-0.313413976,7.97553528,-1.118209398,-1.660930738,0
-2.547223131,-0.701970867,1.343394169,2.414847879,1.010775671,0.067751053,1
-3.180407896,1.273153247,-0.855752426,0.36929698,-1.555771374,-3.620902845,0
2.09085703,-1.020914557,-1.910144385,-1.921434054,-2.421804561,1.082095304,0
-2.690455403,1.949529375,-1.843551832,-1.339825802,4.605286547,-4.288878628,0
-0.572037817,1.592096937,-0.981667409,-1.023244198,0.401725726,-2.61111804,0
-3.247082196,1.273153247,-2.18131361,-2.808709821,-2.864994958,-0.452147916,1
-0.340303301,-4.41536482,4.040818376,0.386829339,0.173758666,0.281590539,1
2.162651688,1.630585685,-0.626866127,-1.69187175,-1.351431695,0.469624527,0
2.423922632,-1.020914557,-1.252836634,-0.832996235,-1.537859813,-0.933357453,0
-1.569390134,-0.663482119,0.765517488,-1.056473858,-1.563843459,1.153627636,0
-0.604152744,1.630585685,-2.316898223,0.665239134,-0.920154181,0.404652539,0
0.881163721,1.273153247,1.374826132,-1.316479664,-1.983493874,-0.383775882,0
-3.196883551,1.949529375,-0.584583201,-0.866329991,-1.342088423,-0.798935914,1
0.354835529,-0.079159887,1.684324835,-1.056473858,-1.563843459,0.744403135,0
-0.426094063,1.592096937,-1.081996713,0.386933435,-0.899425774,-1.390160641,0
-0.959210674,1.911040627,1.95549406,-2.309633188,-1.979349987,-2.815730291,1
1.344108141,0.43586354,-2.316898223,-1.468210562,-2.192878373,-1.604733282,0
0.070935439,-0.482478781,-0.084527678,-0.884070543,4.605286547,-0.933357453,0
2.47264457,1.630585685,0.615063001,1.197649524,0.618891252,-1.062428861,0
-1.922682399,0.43586354,3.115058881,-1.133504763,-1.763010026,1.49653853,0
1.819094222,-0.663482119,-2.18131361,-0.294868295,-1.111837537,1.423664578,0
1.635396865,0.474352288,1.510410745,0.607887935,-0.262691959,-0.19780032,0
0.632766344,1.592096937,-0.142291133,-1.115764211,-2.195322036,1.701150781,0
-1.045067045,1.630585685,0.208309163,-1.129121955,4.605286547,-2.827806636,1
-3.01710097,1.311641996,0.921770456,-0.8244679,-1.973726837,1.944114483,1
0.894164752,-4.15390762,-0.858921314,-0.8244679,-2.030867239,1.074135812,0
-3.380910666,-3.058093543,4.176402988,-0.806935541,-0.255736497,1.153627636,1
2.282490648,-1.020914557,-1.572382607,1.257123443,-0.464593247,-2.145696082,0
-1.420646229,1.311641996,-1.843551832,1.269346522,1.038459541,-2.47542876,0
-1.769379916,1.592096937,-0.935377361,1.796902876,0.401725726,-1.478271235,0
2.045278339,-3.234522644,-0.142291133,-0.830289547,-1.088081865,1.701150781,1
0.771132454,1.949529375,-0.46203097,1.004590776,4.605286547,-3.267974033,0
-1.352364466,-2.163707106,-1.572382607,-0.169198091,-0.299852664,3.036000475,0
0.912490024,0.954209558,-0.946412101,-0.910210706,4.605286547,-3.825515096,0
-1.41520962,0.954209558,-1.130090539,-0.789299086,-1.093337103,-0.27534206,0
1.345335132,0.635265868,-2.045728998,-1.126415266,4.605286547,-2.337582819,0
-3.885457886,-0.383027177,0.038218417,-1.056290292,-1.123832548,0.404101603,0
0.926106663,0.474352288,-1.572382607,-0.567577052,-1.551632759,-1.401388773,0
0.830311917,-2.739149854,-0.720167814,1.238823551,0.173175065,0.488812152,0
-0.167767947,1.911040627,-2.316898223,0.137474588,0.595637055,1.082095304,0
1.335411424,-2.878132861,4.726659165,-2.013691033,-2.214933821,2.626775973,1
0.821783174,0.954209558,0.358763651,-0.155840348,4.605286547,-1.519232049,1
0.789435382,-0.040671139,-1.910144385,0.623297574,4.605286547,-2.544253496,0
-1.995823303,-0.383027177,-2.18131361,-1.041360525,-2.640956097,-1.478271235,0
-1.326217163,1.911040627,-2.045728998,-2.808709821,-2.864994958,-1.40879733,0
-0.858298458,-2.559189171,-0.855752426,-0.557397224,-2.864994958,-0.728745202,0
1.534723077,-3.011115071,-2.316898223,0.314181242,-0.662357406,0.737234326,0
1.566681824,-0.383027177,0.784110934,-1.691767654,4.605286547,3.036000475,0
-2.504758279,-0.801422471,1.159432808,0.948111207,0.602592517,0.272363304,0
0.062972082,1.311641996,-1.436797994,0.093697969,-0.262691959,-1.150596985,0
-0.21671299,-1.740298454,-2.045728998,0.299459668,4.605286547,0.829113683,1
-2.027291765,1.592096937,-0.855752426,-2.808709821,-2.864994958,1.823661845,0
1.176912936,1.592096937,2.213824767,0.934937029,4.605286547,2.091089425,1
-2.487920538,-0.064083488,1.229194249,-0.776124908,4.605286547,-1.586096593,1
0.792980033,1.311641996,0.138547722,-2.808709821,-1.981425738,1.291926279,1
-2.117947681,-2.596635264,-1.081996713,-1.921250489,-1.319076189,0.15117751,0
-2.22898097,-2.151410578,-0.846082796,1.282233038,4.605286547,0.366301087,0
2.731688493,1.273153247,-0.517990647,-1.362699936,-2.640956097,0.488812152,0
-0.399137585,0.992698306,0.167798267,7.97553528,4.605286547,-4.084266377,0
-3.133135812,-0.584065057,-0.235786683,-1.625308335,-2.419360898,3.036000475,0
2.051271033,-1.540896126,1.333724539,-1.072067062,-1.562143234,1.49653853,1
-2.819118806,1.273153247,-2.316898223,1.57352935,0.160385179,-1.604733282,0
2.537710073,-0.663482119,-2.18131361,1.007009803,4.605286547,-1.6007823,0
-2.66966862,1.630585685,-2.316898223,-0.292161607,-1.77567162,1.819710863,0
1.841776095,-0.774049544,-2.18131361,-2.499777054,-2.226560919,0.071759564,0
0.598204746,-1.020914557,4.447572213,1.226233341,4.605286547,3.036000475,1
-1.870781322,-0.064083488,1.364778861,0.762221425,-1.754943213,1.701150781,1
1.788902239,-0.701970867,-0.846082796,-1.920883358,0.189313962,0.14851062,0
1.136333606,-0.383027177,4.99782839,-1.501623787,-2.640956097,3.036000475,1
-2.903841125,-1.020914557,4.591074552,-1.056473858,-1.563843459,0.539790884,1
0.983506179,1.592096937,4.311987601,-1.501727884,-2.864994958,1.546175642,0
-1.308291938,1.630585685,-0.246821423,7.97553528,-0.059381504,0.611323216,1
-0.935274092,1.311641996,-0.847886574,0.636471752,4.605286547,-2.403896427,0
0.218682728,0.492751278,-0.723336701,-0.850816256,4.605286547,1.080753684,0
2.186331023,1.592096937,-2.18131361,0.384706619,4.605286547,2.626775973,1
1.463008052,0.558727493,-0.46203097,0.301478291,-0.439275329,-2.954028934,0
1.436002684,-0.663482119,0.644313545,-0.464773114,-1.121020973,-0.728745202,0
2.422259215,1.949529375,-2.18131361,-0.508470264,-0.470591923,-0.194400274,0
2.445686691,1.592096937,-0.710498184,-1.115868308,-2.864994958,1.823661845,0
1.70666173,0.11691985,-1.572382607,-1.113345185,-1.332403512,-0.317462274,0
-0.496620405,1.911040627,-0.491281515,0.930291187,-1.559331659,-0.185173039,0
-4.493494501,0.754807229,1.684324835,4.200234033,-1.563843459,-0.728745202,0
1.434797515,-0.344538429,2.000796639,-1.280055577,-2.430828159,0.949015386,1
0.876045598,-1.832466889,0.581933768,-1.929003423,-1.981425738,3.036000475,0
-1.795322683,1.911040627,2.700387317,0.018710315,-1.106664426,1.153627636,0
2.392155464,-0.663482119,1.80707093,-0.776124908,-0.470959835,-0.049483758,0
-0.239434928,0.11691985,-2.316898223,1.797006972,4.605286547,-3.4857645,0
-1.04920714,-1.221952436,-0.079327432,-0.71925358,-1.340915947,1.687972565,0
0.253850987,-0.663482119,-0.720167814,-1.072171158,-0.66384194,-0.597006903,0
-1.305567295,1.592096937,-1.217581326,3.286530441,1.914787514,-2.47542876,0
2.283974186,-0.982425809,2.804539965,0.047294132,-0.69789767,0.413328838,1
-0.713712019,1.592096937,-2.045728998,0.106768051,-0.693887346,-0.181222057,0
1.783424713,-0.383027177,1.789497696,-1.056473858,-1.561399796,1.483360314,1
1.185522829,-0.064083488,1.500363474,-0.760531703,-1.12516486,-0.598332174,0
0.410486822,-0.701970867,4.726659165,-0.28190231,-1.585155468,1.503338622,1
0.848656294,-1.020914557,1.42111618,-0.806935541,-1.111837537,2.491086692,0
2.010957615,0.954209558,-1.572382607,0.139334273,-0.235008089,-0.399012525,0
0.346893416,-1.120366161,-1.467852317,1.197282393,4.605286547,-2.213179199,0
-0.193033678,0.43586354,0.128684228,1.786723048,-0.262691959,-4.493490879,0
1.99354741,-2.445306368,-1.252836634,1.241059012,-0.04109676,-3.498391781,0
-2.681522636,-1.008618029,-2.045728998,-1.113241089,-0.668513576,-3.747915827,0
1.653278042,0.954209558,-1.436797994,0.929419557,-0.046351998,-2.607167058,0
1.788938659,1.630585685,0.208309163,-1.501727884,-0.49124262,1.153627636,0
-1.070246262,1.630585685,-1.843551832,0.077817103,-0.670715276,0.145901258,0
1.986222014,1.592096937,-0.11123681,-1.113345185,0.826047778,2.831388224,0
0.355448836,1.592096937,-1.252836634,-0.215234798,4.605286547,-0.507554688,0
-2.853271582,1.911040627,-0.326446358,-0.304968654,4.605286547,-0.469993921,0
0.912011221,-0.701970867,0.216175015,0.430526488,0.189313962,-0.055310947,1
0.964718304,-0.663482119,-2.316898223,-0.202244185,4.605286547,0.086996207,0
0.460262254,-3.093165248,1.086605614,-1.056290292,4.605286547,2.491086692,0
2.393553446,-2.878132861,-0.981667409,0.356226899,-0.496575568,-0.863883547,0
-0.417449633,1.592096937,0.343893776,-1.100171007,-2.422172473,1.29477539,0
0.860291278,1.949529375,-0.374540183,-0.274629248,0.19915871,3.036000475,0
-2.800113394,1.592096937,4.447572213,-0.515639229,4.605286547,0.501439432,1
1.586065293,1.311641996,4.311987601,-0.544223046,-2.203388849,1.367649342,1
0.359505338,-0.383027177,0.195470646,7.97553528,-1.113036287,0.406710965,0
-0.949593052,1.630585685,-2.316898223,-1.671528607,4.605286547,1.027898746,0
2.072718182,-0.663482119,-1.290178642,0.958370504,4.605286547,-0.930748091,0
0.528825504,1.273153247,0.310764543,-1.085424805,-2.200209362,1.356898267,0
-1.138888912,-4.406989634,4.447572213,-2.060094871,-2.243279002,0.813326105,1
-1.182756198,1.592096937,-1.707967219,0.932230341,4.605286547,-2.406505789,0
-0.703157195,1.630585685,-2.18131361,0.608288338,-0.487474259,-3.826066032,0
0.679310583,0.474352288,-2.18131361,-2.808709821,-2.864994958,3.036000475,0
2.395332795,1.630585685,4.311987601,-1.923773612,-1.111837537,2.08186219,1
-2.135132101,1.592096937,-1.572382607,0.945379892,0.205530571,0.277639557,0
1.77159243,-2.416789121,4.447572213,0.947823545,-0.057153531,-0.937308435,1
1.57042578,1.592096937,2.668955353,0.093985631,-1.780926858,1.750787893,1
1.49644312,-3.058093543,1.95549406,0.711459407,4.605286547,-0.520732905,1
-2.565275346,-0.710346053,-1.707967219,1.519285242,-1.371254754,0.951624748,0
1.055085405,1.273153247,-2.316898223,-0.557476693,-1.55880391,0.689473421,0
-3.7331471,-0.812538292,1.162601695,-1.054054831,-2.864994958,-0.249370693,1
-1.443181461,1.592096937,-1.467852317,-0.570467306,-1.559331659,-2.201893539,0
1.349212425,-3.811008046,-1.081996713,-0.771078662,4.605286547,0.938446531,0
2.147278104,-0.701970867,-1.130090539,0.664872004,-2.419360898,2.286474441,0
-2.485307822,1.592096937,-0.53937534,0.649541834,-1.115765735,0.744403135,0
1.576218978,0.155408598,1.328524294,0.36929698,-0.722842403,0.744403135,0
2.395332795,-2.559189171,-1.843551832,0.343236286,-0.262691959,-0.728745202,0
1.509873606,1.592096937,-2.316898223,0.878065702,-1.34224826,1.493929168,0
-1.61406502,1.949529375,-1.603436929,2.491695219,-0.272008957,-2.064145832,0
1.584531049,1.073750919,-1.690927717,0.150281635,-0.257436721,-2.815730291,0
0.912395091,1.592096937,4.726659165,-1.627831457,-1.323587989,1.875191513,1
1.367587168,-0.701970867,-1.910144385,1.48789064,-0.056196745,-2.084658727,0
1.506475917,-0.982425809,-1.843551832,-0.264057662,-2.864994958,0.404101603,0
-1.978822217,1.630585685,-1.843551832,-0.230828002,-0.899425774,-0.590997495,0
-1.176340707,1.630585685,1.527072606,1.843890682,4.605286547,1.439140969,1
1.738950258,-0.383027177,0.602224483,2.414480748,-0.058480571,1.754738875,1
1.436150007,-0.584065057,-2.045728998,-1.099987442,-0.269725132,-1.523183031,0
-0.525879734,-0.064083488,2.362247897,1.238719454,-0.698558982,1.289316917,1
-0.782121994,-1.735340312,-1.707967219,-1.920883358,-1.974094749,-3.146804588,0
1.408859964,1.630585685,2.362247897,0.605948781,-1.127894308,-0.396403163,1
-1.774790736,1.311641996,1.099444131,-0.261350973,-0.262691959,-0.728745202,1
-0.254283497,1.311641996,-2.045728998,-0.586348172,-1.345059835,-0.316911338,0
-3.620307262,-1.52923677,3.662597575,-2.808709821,-2.864994958,3.036000475,1
-3.318693149,-0.161210065,0.072724551,0.71135531,-0.029551788,-0.866492909,1
-0.573939017,-1.52923677,-1.843551832,7.97553528,-0.659170304,-1.273658985,0
-2.734999104,1.911040627,-1.436797994,-1.05899698,-0.483919246,-1.997281288,0
2.018455758,-1.515848226,0.620263246,-1.316296099,-1.53541615,1.153627636,0
0.47450603,1.630585685,-1.117252021,0.695762106,4.605286547,-4.493490879,0
-2.928452642,-0.801422471,2.349409379,0.948111207,0.161102344,-0.0507515,1
1.989489353,1.273153247,-2.316898223,-1.625675465,4.605286547,-0.3195207,0
-1.665370417,-0.584065057,2.409463439,7.97553528,-0.25557666,0.426138338,1
-2.385176402,-0.663482119,0.343893776,-1.126048136,4.605286547,-2.145696082,0
-0.402658731,1.949529375,-2.316898223,-1.717932444,-1.540671388,3.036000475,0
0.923858826,1.592096937,1.510410745,-0.554586439,-2.864994958,0.281039603,0
0.693941454,-1.020914557,4.591074552,-1.159277795,4.605286547,2.704926178,1
2.285790158,1.311641996,-0.981667409,0.402630736,-1.15854959,-1.604733282,0
-0.331899709,-1.740298454,-1.843551832,0.883486946,4.605286547,-4.493490879,0
0.281854793,0.155408598,2.804539965,-0.879216507,-1.327891713,0.829113683,0
2.751158617,1.630585685,-1.436797994,0.330062108,-0.465418812,-0.855025028,0
1.289386208,-2.559189171,-2.045728998,1.226049776,4.605286547,-0.861825121,0
0.851265005,-1.658801937,-0.855752426,-1.967287196,-2.198133611,0.161688836,0
-1.425803893,-0.52096753,-2.18131361,-1.380999829,-1.979349987,-1.799753859,0
-1.477550686,0.278272551,-1.843551832,0.088443531,-0.020736265,-2.148305444,0
-2.691557054,1.949529375,-1.774559773,-1.921434054,4.605286547,3.036000475,0
-2.394263131,-0.383027177,2.53337074,-0.320745423,-1.349649344,1.616991168,1
-3.559106653,1.592096937,-1.081996713,7.97553528,4.605286547,-0.728745202,0
-2.27850582,-2.777638602,4.447572213,-1.066653686,4.605286547,1.075477432,1
1.728505931,-1.020914557,-0.403790728,-1.717748879,-2.422172473,3.036000475,0
0.737090936,-5.272744285,3.856857015,-2.216825513,-2.416917235,2.217551471,1
2.316864345,1.630585685,0.208309163,-2.808709821,-2.200577274,3.036000475,0
2.758092471,0.11691985,-2.316898223,-1.409103774,-1.545343025,1.295326325,0
1.363887171,1.630585685,-0.720167814,-1.131461512,-1.983493874,-1.739080943,0
2.079513029,1.630585685,-2.316898223,-1.056473858,-1.785438657,-4.493490879,0
2.004066771,-0.20202384,-1.910144385,-0.573094525,-2.430987996,-0.738763121,0
-1.698558256,1.592096937,2.865222474,-1.007650994,-2.864994958,3.036000475,0
-1.885973647,1.592096937,3.870609236,-1.113057523,-0.66384194,0.745744755,1
2.436554885,-0.701970867,4.726659165,-2.808709821,-2.864994958,3.036000475,1
-0.727785454,-1.299044472,-2.316898223,1.022227232,1.495638574,-4.153189347,0
-1.930199279,1.949529375,-1.117252021,7.97553528,4.605286547,-4.493490879,0
0.768362045,1.273153247,-1.707967219,0.901444335,-0.925620693,-1.587972799,0
0.957059348,0.43586354,-0.491281515,0.963496219,4.605286547,2.08186219,0
-0.910075627,0.201180516,-2.045728998,0.034487085,0.387369179,-1.619418989,0
2.111327556,1.592096937,-2.316898223,-1.174975096,-1.163221226,0.813326105,0
0.545466915,0.992698306,-1.572382607,-0.850528594,-1.993338622,1.624325847,0
-2.322145143,1.592096937,0.175179931,-1.041064219,-1.10199279,-1.081674014,0
2.840146828,1.592096937,-0.846082796,-2.808709821,-0.458303512,1.295326325,0
-1.147003469,-2.774221559,-0.403790728,-0.544406612,-1.134266169,0.718128028,0
-2.653245243,-0.383027177,0.481509745,-0.212711675,-0.908609209,1.613040186,0
-2.147251933,1.311641996,-0.103370958,1.797006972,-0.466002413,-2.409905836,0
2.83836748,-0.982425809,0.620263246,2.121532944,0.793692272,0.413328838,0
2.289675386,0.662638795,-2.316898223,1.254129093,4.605286547,-1.604733282,0
1.014438046,-3.695980923,1.651195602,7.97553528,0.161547966,1.693248817,1
0.620808321,-0.802514487,-2.316898223,-2.808709821,-0.901125998,1.13894193,0
0.770251255,-0.701970867,3.450103178,-2.216825513,4.605286547,0.404101603,0
2.169712132,-2.059242144,-2.316898223,-0.171537648,0.378553655,-0.381825798,0
-1.976954236,-0.701970867,1.684324835,-2.808709821,-1.563843459,0.36580768,0
0.805398732,-1.339858247,2.835971929,1.498541695,-1.563843459,2.160012395,1
0.544393045,-0.755650553,3.721272403,0.093881535,4.605286547,1.619049594,1
1.399256622,-0.701970867,-2.18131361,0.343236286,-0.453791713,-2.07015524,0
1.909433769,-0.20202384,-0.991337038,-0.557397224,-1.149366154,-0.869653207,0
-2.907969165,0.954209558,0.508728933,7.97553528,-0.46355875,2.491086692,0
2.725525333,-0.663482119,2.700387317,-0.153237756,-2.864994958,0.357073853,0
-1.568349528,1.592096937,-0.977466423,3.315297824,0.60503618,-1.409348265,0
-1.800413922,-1.020914557,-0.855752426,-0.189070007,-1.563843459,0.158528539,0
-0.467687611,0.558727493,-1.690927717,0.356306368,-0.041464672,-1.478271235,0
-1.844223362,-1.339858247,-1.117252021,0.037010207,-1.536159589,1.41783739,0
-3.325593829,-0.383027177,-2.316898223,-0.791054675,4.605286547,0.276297937,0
-1.150093443,-0.472454977,-0.846082796,-0.199721062,-1.095780766,0.03941752,0
0.381177702,0.992698306,-1.252836634,-2.808709821,-1.563843459,-2.951419572,0
0.567405208,-1.620313188,-2.18131361,-1.056473858,-0.262691959,0.882701777,0
1.378306207,1.911040627,-2.316898223,-0.567944183,-1.321519852,-0.530693295,0
-3.6137504,-1.832466889,-2.316898223,-0.277048274,-1.563843459,-1.42008299,0
1.910790731,-6.229575355,-1.117252021,-1.717748879,-0.916010294,-0.72613584,0
2.684988876,1.630585685,-0.584583201,-1.053846638,-1.547786688,-1.6007823,0
-0.654714828,-1.844763417,1.684324835,-1.100091538,4.605286547,2.217551471,0
-0.737882982,1.592096937,-0.991337038,1.194838739,-0.93178128,-2.199226648,0
1.756575259,-0.163535092,-1.436797994,0.649070607,-0.248919014,0.689473421,0
1.500318042,1.592096937,-2.045728998,-0.259219609,0.424308922,-1.396170049,0
-1.527776651,1.949529375,-1.690927717,-0.760531703,-1.563843459,-3.816838797,0
0.330741502,1.311641996,4.583156826,-1.159277795,-1.339804597,2.626775973,0
2.136093045,-0.20202384,-1.252836634,-2.808709821,-2.864994958,-4.151130921,0
-1.631969912,1.592096937,0.828274906,-1.921066924,-2.864994958,1.503338622,0
0.46908737,1.630585685,-1.843551832,0.695762106,-0.262691959,2.422163722,0
1.843934744,0.11691985,-2.316898223,-2.808709821,-2.864994958,1.023230958,0
0.800277764,-1.273996571,1.027017083,-0.994372719,-1.770999984,2.290425423,1
2.179334845,0.43586354,-1.252836634,3.008888179,1.047642976,-3.4857645,0
-2.724283134,1.630585685,-1.690927717,1.194655174,-0.243663776,-0.263323244,0
0.695667345,-0.701970867,-0.991337038,0.036826642,0.177686864,-0.593055921,0
1.10032341,1.592096937,-2.045728998,-0.616975239,-0.470756176,-1.18689001,0
2.038254316,0.11691985,-2.316898223,-0.817403031,4.605286547,-0.861825121,0
-2.018704047,0.662638795,0.479478388,0.927768064,-2.864994958,1.025897848,0
-0.539583781,-0.877960846,0.414917192,-1.056577954,-1.795283405,1.619049594,1
0.97113761,0.11691985,0.755847858,-0.220281043,4.605286547,2.831388224,1
-2.337854782,-3.158587803,-1.603436929,-0.480549884,-0.684786037,-2.201893539,0
-2.146624654,1.592096937,1.786780215,-1.072171158,-1.995038846,0.949015386,0
2.01817204,1.630585685,-0.142291133,0.636551221,0.189975275,-2.266865527,0
2.198804333,-0.383027177,-2.316898223,0.651881391,-0.271507482,-3.621453781,0
-3.046388737,0.43586354,3.115058881,-0.763342488,-2.864994958,1.707950873,1
1.571128102,1.592096937,-2.045728998,7.97553528,-1.563843459,1.401259127,0
2.043333174,-0.163535092,-1.843551832,-2.808709821,-1.314932302,-1.805394551,0
2.141317441,1.592096937,-2.316898223,0.327538985,0.19915871,-0.3195207,0
0.588593372,0.11691985,3.620314649,-2.808709821,-2.864994958,2.626775973,0
-1.259052006,-0.982425809,0.891432471,-2.808709821,-2.864994958,3.036000475,1
2.063750731,-1.631429009,1.093609637,-1.408816112,-1.764126649,0.73383428,1
-0.277018596,-0.436706864,-1.690927717,0.592486941,-1.104436453,-0.730086822,0
-3.704936563,1.949529375,0.387014936,-1.056473858,4.605286547,0.949015386,1
-1.096606281,-0.482478781,-1.707967219,-0.819822057,-1.979349987,2.491086692,0
-2.310124771,0.635265868,-0.11123681,-0.277415405,4.605286547,-2.063594896,0
-0.353158189,1.592096937,-1.081996713,0.620670355,4.605286547,1.033725934,0
1.017767229,-2.239202826,3.300153579,0.063174998,-1.334549359,2.016988436,1
-3.093942624,-3.197076551,2.429218092,-1.053767169,1.038459541,3.036000475,0
2.230473322,0.954209558,-1.217581326,-0.449843347,-0.232118804,-2.207902947,0
0.905463326,0.155408598,-0.723336701,-0.554402874,0.180130527,-2.94881021,0
-3.303721851,-0.383027177,-2.045728998,0.605661119,-1.987637761,-1.729853708,0
-2.733269885,-0.701970867,1.819909447,-0.557397224,-2.864994958,0.949015386,0
-2.995455421,1.311641996,1.086605614,-0.171354083,-0.46807055,1.305878831,1
-4.622764645,-0.701970867,-0.584583201,-0.572990428,-1.562143234,-1.6007823,0
0.615740875,-0.663482119,2.091078672,-0.305048123,-1.132565945,1.67990473,1
1.756371521,-0.663482119,4.447572213,-0.806751976,4.605286547,1.962751172,1
0.378585382,0.155408598,-1.130090539,-1.100171007,-2.200577274,2.364624646,0
-1.185015491,-0.383027177,1.093609637,-1.056473858,-1.324115738,0.744403135,0
1.225701117,-0.701970867,3.599440011,0.093593873,-0.701370557,1.414437344,1
-4.25375266,-1.020914557,-1.572382607,-0.408477111,4.605286547,2.08186219,0
1.510297503,-4.453853568,2.429218092,3.5980658,-2.864994958,2.699649925,0
-0.305884854,-0.383027177,-1.081996713,-0.469339488,4.605286547,-0.521449711,0
1.832325028,-0.383027177,-0.991337038,7.97553528,-1.35652268,-0.602465375,0
0.773873582,1.592096937,-0.981667409,0.914306224,4.605286547,0.529222029,0
-0.889283878,1.949529375,3.721272403,-0.462066426,-0.477331696,0.744403135,1
0.03564576,1.592096937,-0.46203097,0.356330995,4.605286547,-3.826066032,0
0.813274343,-0.663482119,2.804539965,0.060260117,-0.235008089,0.414061993,1
0.62794901,-3.578075112,-1.572382607,0.340713163,-0.491402457,-2.389210721,0
0.28738671,-1.121458177,2.091078672,-0.245757769,0.162213694,1.619049594,1
1.919121954,-0.163535092,-1.117252021,-2.808709821,-2.864994958,-4.493490879,0
-2.578697717,0.811694968,0.072724551,-2.559171504,-0.248042012,3.036000475,0
-2.830495694,1.949529375,-2.18131361,-0.202348281,4.605286547,-0.521523589,0
1.524397478,-1.020914557,-0.841881811,2.095368153,-0.265053495,-1.204185079,0
0.479378336,1.311641996,0.072724551,-0.74485903,4.605286547,1.619049594,0
-1.447381119,1.630585685,-0.491281515,0.621254323,4.605286547,-3.826066032,1
0.261545981,1.911040627,-1.16562877,0.914593886,-0.256320098,1.483360314,0
-0.474992177,1.311641996,-1.252836634,0.047294132,-1.144193043,0.145901258,0
-0.711119549,-1.301369498,0.963859519,1.812520708,-0.226941277,1.41783739,0
0.047499189,0.43586354,1.510410745,0.29943504,-1.987797598,0.149301304,0
-0.263336982,-1.312485319,0.479478388,2.447998069,-2.864994958,0.539790884,1
1.88297584,-2.520700423,-0.720167814,0.060364213,-0.698558982,2.491086692,0
-2.409977506,0.43586354,-2.045728998,-0.701529011,-2.213744759,2.044301423,0
-2.243529075,1.949529375,4.99782839,0.060443682,-0.668353739,1.493929168,1
-1.229312742,1.592096937,3.612396923,-0.204767308,-1.340548035,-1.273658985,1
-0.663401954,1.949529375,-1.252836634,-0.171537648,-1.119320748,-2.746807321,0
0.456024225,0.474352288,2.976756787,7.97553528,-2.192878373,0.88950187,0
1.93629297,1.592096937,2.668955353,-0.613797324,4.605286547,1.297202532,1
-0.980828027,0.343695105,4.726659165,0.137499215,-1.556887996,3.036000475,1
-4.953348576,-0.802514487,2.213824767,-2.216825513,-1.554444333,1.674794348,1
0.51296628,1.592096937,0.128684228,1.902597067,4.605286547,-0.38844367,0
1.766638356,1.630585685,-2.316898223,-0.853155813,-2.203388849,-1.941083831,0
-0.696671414,-1.835883932,-0.855752426,0.343315755,-0.678198487,-0.861825121,0
-1.855260891,-0.156251922,-0.235786683,0.093114001,-0.450231428,2.286474441,0
1.483731504,1.630585685,-2.316898223,0.63917844,4.605286547,-2.871927747,0
0.002862893,1.592096937,-1.707967219,1.243661603,4.605286547,0.744403135,0
1.525509626,1.273153247,-0.858921314,-2.217009078,-2.200577274,-1.53185933,0
2.5729467,1.592096937,1.103656908,-1.468394128,-0.682342374,-1.736471581,0
-0.262036232,-0.794139302,-1.130090539,0.093593873,-0.274236931,-1.397511669,0
0.291931856,0.43586354,-2.316898223,-2.060094871,-0.262691959,-0.263323244,0
-3.12165098,-1.020914557,2.668955353,-1.380999829,-2.640956097,0.949015386,1
-0.441626612,1.311641996,-1.572382607,1.210431944,-0.04109676,-1.736471581,0
0.87631849,-1.183463688,0.602224483,-1.424513413,-1.976538412,1.134990948,0
-3.72307772,-0.701970867,-0.935377361,-0.87687695,-0.897197801,-0.933357453,0
0.270076462,-0.383027177,4.726659165,-0.153901193,-1.755311125,2.422163722,1
-3.136494196,-0.383027177,-1.910144385,-0.789482651,-1.35453667,0.69081504,0
1.451452826,-0.701970867,-2.18131361,-0.274629248,-1.756643437,0.488812152,0
1.019968666,1.592096937,4.583156826,-0.922730091,-2.192878373,3.036000475,1
0.605361973,-0.383027177,-2.045728998,0.034119954,-1.757386876,1.288765981,0
0.444918229,1.311641996,-2.316898223,0.000994391,-0.672575337,-0.524132951,0
0.944408672,-0.701970867,4.447572213,0.90170737,-0.703732094,2.295701676,1
-0.510003416,1.630585685,-0.858921314,0.067533179,-0.690574296,-2.962154297,0
-2.766610821,-0.383027177,-1.301213382,1.472481001,-0.03650725,0.284199901,0
