"","cluster1","cluster2","cluster3","cluster4","cluster5","cluster6","cluster7","cluster8","cluster9"
"1",1.65275884551902,-0.776379437510895,1.29231627154081,-1.499953257894,-0.948829511877836,-1.11725202108042,-0.480470415067006,-1.31907618938919,-0.396403162786202
"2",1.75255948140932,0.827078905546401,0.108503145732876,-0.450769821732432,-0.948829511877821,4.04081837593016,0.0471900353462996,-0.25056338536637,-0.25803064205392
"3",0.762826258046942,-0.667118256101838,-1.13307047874744,-0.447510889825942,-0.948829511877822,-0.584583201067997,1.56035517181725,-0.262691958846815,3.03600047491995
"4",1.41356210464365,-0.776379437510894,2.8195912519528,0.60975609279933,-0.948829511877822,-2.04572899781071,1.25423318953395,0.387369179038366,0.608713853852288
"5",-1.26617892789621,-0.667118256101863,-1.13307047874744,-0.45076982173242,-0.948829511877822,-1.33226770460992,0.343132189671598,-1.32544804999454,0.0790367139551423
"6",-1.64589390840144,-0.776379437510897,-1.89670796895346,0.760956874825511,-0.948829511877822,-2.1813136102475,-0.233054818282957,-1.12049322382017,-0.247535665421358
"7",2.0944194249249,-0.667118256101863,-1.89670796895346,1.66219846086745,-0.948829511877822,-2.18131361024747,0.947823545486845,1.03601587794829,0.611323215845858
"8",2.07851369545811,2.47363611307194,-1.13307047874744,0.601672546335676,-0.948829511877822,-2.04572899781072,-0.573173993726174,-0.27720834271282,1.95935112620333
"9",1.62781369832117,-0.667118256101863,-1.89670796895346,0.609756092799358,-0.948829511877822,-1.69092771652707,1.52140796167369,-0.899425773945361,-1.80594548647562
"10",0.0761881238936578,0.646519399251419,0.108503145732903,2.87066622551891,-0.948829511877822,-0.846082796206777,0.153275984697394,4.6052865465459,0.149301303995632
"11",-0.828920978831058,-0.667118256101863,-1.13307047874744,1.20648932632898,2.12327709691539,1.36515650273208,0.106480389002778,-0.92259784431467,1.61904959447787
"12",-0.989782856828491,-0.776379437510897,2.43777250684979,-1.49995325789404,0.537185985735065,0.963859518863817,0.32578339609108,-1.98563972080923,-2.53557719770565
"13",0.704643030418572,-0.667118256101863,-0.751251733644428,2.26701524086076,-0.948829511877822,-2.18131361024748,-0.277415404763748,-0.699803896148695,0.949015385577744
"14",-1.37652156799887,2.32516235488163,-1.51488922385045,-1.49995325789404,0.537185985735065,-1.43679799448277,1.21035247480975,-1.56814718299492,-0.265932605952875
"15",1.8273349116042,-0.776379437510897,2.05595376174677,-1.49995325789404,-0.948829511877822,-0.720167813504794,-1.0564738576589,-1.56384345861816,0.865572578992873
"16",-0.790288280237942,2.47363611307194,-1.13307047874744,-0.447510889825943,-0.948829511877822,-1.11725202108031,0.332872892751621,-0.661030365321736,0.400701556802381
"17",1.17068996204985,0.721704011824272,-1.13307047874744,-1.49995325789404,2.12327709691539,4.44757221324051,1.54736455928977,-0.0271081251060172,-1.08033239446372
"18",1.3763789472544,4.07709445612929,2.05595376174677,0.157305890167365,-0.948829511877822,-2.04572899781071,-2.21719264327867,-2.41936089769368,2.69569894319449
"19",1.32482750840222,-0.776379437510897,-1.51488922385045,1.66219846086745,2.12327709691539,1.15379777440059,-1.92377361175905,-2.2005772737167,-1.73908094257999
"20",0.418716427254996,-0.667118256101863,-1.51488922385045,-0.447510889825943,-0.948829511877822,-1.84355183179307,2.44799806943034,1.03845954092451,-2.94219233752214
"21",0.34490791681125,-0.776379437510897,-1.51488922385045,-1.49995325789404,-0.948829511877822,-1.60343692948346,0.916637136896444,-0.0174232146017654,-2.52956778956721
"22",1.84611996932356,0.646519399251419,1.67413501664376,-1.49995325789404,-0.948829511877822,1.6843248348198,-1.1155806459525,-1.55688799643698,2.62677597310989
"23",-1.75781725358713,-0.776379437510897,-1.51488922385045,0.601672546335676,-0.948829511877822,4.72665916462938,-1.61484084490623,-1.9933386216445,2.1526777163245
"24",-1.05444414836751,2.47363611307194,-0.751251733644428,0.601672546335676,-0.948829511877822,0.891432470526161,-0.57028374019466,-1.54067138824885,1.61904959447787
"25",-1.05121638168042,-0.776379437510897,-1.51488922385045,-1.49995325789404,-0.948829511877822,1.6843248348198,0.916820702259347,4.6052865465459,-0.0547763603647586
"26",-3.83855285759536,2.35923892371781,-1.89670796895346,-0.439427343362261,2.12327709691539,1.10365690759334,-0.698534661508452,-0.697897670384295,-3.4891645463416
"27",1.93944125152762,2.47363611307194,2.43777250684979,0.157305890167365,2.12327709691539,4.59107455219261,-1.06936037378549,-1.9782386362028,2.42216372220486
"28",0.586413193414864,2.35923892371781,-1.51488922385045,0.609756092799358,-0.948829511877822,-1.57238260691954,0.340713163266792,0.180714128541878,-0.599065329272414
"29",2.42409024614052,-0.776379437510897,1.29231627154075,-1.49995325789404,2.12327709691539,0.620263245652627,0.695762105885723,-0.262691958846822,-0.728745201954398
"30",0.45286731664142,-0.667118256101863,0.490321890835914,-0.450769821732419,-0.948829511877822,-2.18131361024748,0.69557854052282,-0.479114046407318,-0.250695963219538
"31",0.70652460174811,-0.667118256101863,-1.89670796895346,2.87066622551891,2.12327709691539,-0.50412003243511,1.24394926517508,4.6052865465459,-3.0925673252713
"32",1.29746109879403,-0.667118256101863,-1.13307047874744,0.157305890167365,-0.948829511877822,-0.981667408643541,0.0317803964139756,-0.465786723620659,-0.250695963219538
"33",2.29435204020313,-0.667118256101863,2.05595376174677,0.609756092799358,-0.948829511877822,-1.7079672193563,-2.80870982120352,1.92513373655146,-1.81335404322823
"34",0.806784870221639,-0.776379437510897,2.05595376174677,-1.49995325789404,-0.948829511877822,-0.858921313718753,0.695762105885723,1.03845954092451,-0.728745201954398
"35",1.82286541833309,-0.776379437510897,-0.273315599370108,-0.447510889825943,-0.948829511877822,-2.31689822268424,3.3021236456401,-0.477547385194548,-1.32724707877635
"36",-1.76298498873105,-0.776379437510897,-1.13307047874744,2.87066622551891,-0.948829511877822,-2.31689822268424,-2.80870982120352,-2.8649949583895,0.366301087293734
"37",0.941854088254731,-0.776379437510897,-1.51488922385045,-1.49995325789404,2.12327709691539,-1.5553431040903,-2.80870982120352,-2.8649949583895,-3.48576450019673
"38",0.883230225991252,-0.776379437510897,2.05595376174677,-0.450769821732419,2.12327709691539,-0.226117053005333,-0.822345179795782,-2.8649949583895,0.00499325304318178
"39",-0.197702923922504,2.35923892371781,2.43777250684979,0.601672546335676,-0.948829511877822,-2.31689822268424,0.40260610869101,4.6052865465459,-0.524132951049367
"40",0.384491181635209,-0.776379437510897,1.29231627154075,-1.49995325789404,-0.948829511877822,0.343893775662375,-2.80870982120352,-0.680642149968384,0.608713853852283
"41",1.23890724832267,2.3643749316629,-1.13307047874744,-0.450769821732419,-0.948829511877822,-0.675242875888827,3.3180045116991,4.6052865465459,-1.06375413177448
"42",-1.98288910719502,0.646519399251419,-1.51488922385045,-0.447510889825943,2.12327709691539,0.784110934190874,0.0344076156205831,4.6052865465459,0.145901257850761
"43",-3.13615741189777,-0.776379437510897,-1.51488922385045,0.157305890167365,2.12327709691539,-0.846082796206774,0.608471903564014,4.6052865465459,-0.539427122440969
"44",0.988765074440983,4.04301788729311,0.872140635938925,0.601672546335676,-0.948829511877822,0.629932875387414,7.97553527957948,-0.472742185801838,-0.853865628224034
"45",-2.2990188910197,5.57517790546446,1.67413501664376,-0.439427343362261,-0.948829511877822,4.45548993975584,-0.557213658705168,-1.15159412778089,0.0822545404115741
"46",-1.44834583815442,-0.776379437510897,-1.51488922385045,0.157305890167365,-0.948829511877822,-2.04572899781071,-2.80870982120352,-1.56384345861816,-1.33726499752254
"47",0.660936971505711,-0.776379437510897,2.05595376174677,0.157305890167365,-0.948829511877822,-2.18131361024748,0.651985487562415,-0.502947428870977,-2.20189353858151
"48",-1.10507922901834,-0.776379437510897,-1.51488922385045,0.609756092799358,-0.948829511877822,-0.981667408643541,-0.498106870411566,-0.915564671614839,1.15362763648278
"49",0.13216418117169,-0.776379437510897,2.05595376174677,-1.49995325789404,0.537185985735065,-1.91014438537394,0.0343035192196844,0.608964377898172,-0.597006903083445
"50",0.371143713977405,-0.667118256101863,1.29231627154075,-1.49995325789404,2.12327709691539,4.58315682567727,-1.0564738576589,-1.56384345861816,0.949015385577744
"51",1.78475789839238,-0.667118256101863,-1.13307047874744,1.20648932632898,-0.948829511877822,3.45010317765421,-0.320561858036344,-2.2005772737167,1.09259028103716
"52",-1.30025094471446,-0.776379437510897,1.67413501664376,1.66219846086745,2.12327709691539,-2.31689822268424,-0.747541090806081,-0.692187121873165,0.143291895857186
"53",1.75006711120623,-0.776379437510897,0.108503145732903,0.157305890167365,2.12327709691539,1.0936096365438,0.0162666610807787,-0.906831274592878,1.87724993957436
"54",-2.35675679051287,-0.776379437510897,-1.51488922385045,-1.49995325789404,-0.948829511877822,-1.16562876960924,2.4274713605545,4.6052865465459,1.61904959447787
"55",-3.89313635773145,0.936340086955492,-1.51488922385045,0.609756092799358,2.12327709691539,3.25759564137136,0.651960860123521,-0.703230618761993,0.617941088447174
"56",1.67611412563971,-0.667118256101863,1.29231627154075,-1.49995325789404,-0.948829511877822,1.0936096365438,-1.0564738576589,-1.33980459678214,-0.269332652097747
"57",-1.85574400059094,0.755780580660452,-1.51488922385045,-1.49995325789404,-0.948829511877822,3.38622810547195,0.358829490367702,4.6052865465459,-0.590446559140393
"58",2.19891766340241,-0.667118256101863,0.490321890835914,-0.450769821732419,-0.948829511877822,1.05528015906441,-0.498002774010667,4.6052865465459,-0.114824462710682
"59",1.22976362608968,-0.776379437510897,2.05595376174677,0.157305890167365,-0.948829511877822,-2.31689822268424,-0.217941485744341,4.6052865465459,-1.27365898458489
"60",-0.625666119245485,2.32516235488163,2.05595376174677,-1.49995325789404,2.12327709691539,0.750647612972676,-0.567393486663145,-1.18639329661472,0.37990127187322
"61",1.44092851425184,-0.667118256101863,0.108503145732903,2.87066622551891,-0.948829511877822,-1.7079672193563,-0.228225410103217,1.92513373655146,-1.39933034665913
"62",0.704643030418573,-0.667118256101863,-1.51488922385045,-1.49995325789404,2.12327709691539,-0.720167813504794,-0.52424703339055,-2.20020936181011,-2.94881021012346
"63",1.26862969724325,-0.667118256101863,-0.751251733644428,1.66219846086745,-0.948829511877822,-0.981667408643541,-1.14628718278632,-2.43371744448128,2.02432311433846
"64",0.838596329155214,3.86245838099807,-1.13307047874744,-1.49995325789404,2.12327709691539,4.99782838950291,1.19241971307174,-0.280521392611592,0.143291895857186
"65",-2.58631977834491,-0.667118256101863,-1.89670796895346,0.609756092799358,-0.948829511877822,-1.84355183179307,0.651960860123521,-0.712915529266245,0.602095981250967
"66",2.34456159880659,-0.776379437510897,0.108503145732903,0.609756092799358,-0.948829511877822,-2.31689822268424,0.633765064060607,-0.675386912109337,-4.08426637701868
"67",2.19891766340241,-0.776379437510897,0.490321890835914,-0.450769821732419,-0.948829511877822,-0.981667408643541,0.664847376250109,1.25554294057936,-3.48576450019673
"68",-2.31512858379824,-0.667118256101863,-1.51488922385045,-1.49995325789404,-0.948829511877822,4.44757221324051,-0.557397224068071,-0.920154181338442,0.744403134672714
"69",-2.18729950914576,-0.776379437510897,-1.89670796895346,2.87066622551891,2.12327709691539,0.671022678025378,1.54718099392687,0.387369179038375,-0.584988086806553
"70",-1.52360525311795,0.755780580660452,-1.13307047874744,0.609756092799358,2.12327709691539,2.98060760581561,-2.80870982120352,-1.10931616382198,-2.8157302912966
"71",-2.36264180888685,2.43442353629066,-1.51488922385045,-1.49995325789404,-0.948829511877822,-0.946412100762361,1.22806839911607,0.176488114683772,-3.14941395042075
"72",-2.4362854378468,2.32516235488163,0.910497526437741,-1.49995325789404,-0.948829511877822,0.35776439071442,0.682875589759134,-0.451931651849011,1.94617290965897
"73",-2.7681491142153,-0.776379437510897,-1.51488922385045,-1.49995325789404,-0.948829511877822,2.66895535289411,-1.06936037378549,-1.97653841188067,3.03600047491995
"74",-3.09131955174999,0.721704011824272,0.490321890835914,2.26701524086076,2.12327709691539,-1.57238260691954,0.0239401258988041,-0.891358961203494,-3.74190641910425
"75",0.847862748325655,-0.667118256101863,0.108503145732903,-1.49995325789404,-0.948829511877822,-2.18131361024748,-0.482409569715467,-2.64095609655347,1.15623699847635
"76",1.8273349116042,0.755780580660452,2.05595376174677,0.609756092799358,-0.948829511877822,2.97675678676304,-2.5154743550468,-1.75945501222583,1.29872637158652
"77",-0.758025209107079,-0.667118256101863,-0.751251733644428,0.609756092799358,2.12327709691539,4.99782838950291,0.134951464794687,4.6052865465459,2.42216372220486
"78",2.32555270026314,-0.776379437510897,-1.51488922385045,-0.450769821732419,-0.948829511877822,0.0727245507888419,-2.80870982120352,-2.8649949583895,3.03600047491995
"79",1.70522925105844,0.830965193233306,-1.51488922385045,-0.450769821732419,2.12327709691539,-1.25283663351707,-2.80870982120352,4.6052865465459,2.62677597310989
"80",1.65207693885271,-0.776379437510897,-1.51488922385045,-0.450769821732419,-0.948829511877822,-1.11725202108031,0.682771493358235,-0.0369528726886665,-3.08655791713286
"81",-0.282665641563357,-0.776379437510897,-0.751251733644428,0.157305890167365,-0.948829511877822,4.44757221324051,-0.760531703333569,0.175458890682831,2.42216372220486
"82",1.73685771525429,-0.667118256101863,-1.13307047874744,0.609756092799358,2.12327709691539,-0.545663026407796,3.31240756999898,4.6052865465459,-4.49349087882874
"83",2.14832114674947,-0.776379437510897,0.872140635938925,-1.49995325789404,-0.948829511877822,-1.57238260691954,-0.557397224068071,-0.932282754818922,-0.0647204011927161
"84",-1.39389460713594,-0.776379437510897,-1.51488922385045,-0.450769821732419,-0.948829511877822,-1.69092771652707,0.413177694813688,4.6052865465459,-4.49349087882874
"85",-1.8985040085405,-0.667118256101863,-1.89670796895346,1.20648932632898,-0.948829511877822,1.6843248348198,0.343419851435404,-0.896982110969133,-2.280043743261
"86",2.13241541728268,0.646519399251419,1.67413501664376,-1.49995325789404,-0.948829511877822,4.45548993975584,-2.80870982120352,-2.8649949583895,1.49653853020181
"87",-1.4313934283803,2.32516235488163,0.490321890835914,-1.49995325789404,2.12327709691539,2.94012457776765,0.608575999964912,-1.58523317810559,0.685596316494103
"88",-1.34530663712431,3.85732237305298,1.67413501664376,-1.49995325789404,2.12327709691539,1.6459953573404,-0.600806711665573,-1.79520127850086,-2.32835558480705
"89",1.11572718630733,2.3643749316629,-0.751251733644428,0.760956874825511,-0.948829511877822,2.56480270433602,1.22612924446785,-1.17187691274873,0.741793772679139
"90",-0.577708921900461,-0.776379437510897,-1.51488922385045,2.26701524086076,0.537185985735065,4.99782838950291,7.97553527957948,-1.55163275857793,1.35563052539423
"91",1.98927153452465,-0.776379437510897,0.108503145732903,-1.49995325789404,-0.948829511877822,-0.855752425941561,1.21305916297836,-0.0474686205925057,1.61304018633943
"92",1.15333021205362,-0.667118256101863,-1.51488922385045,0.609756092799358,2.12327709691539,4.31198760080374,-0.760531703333569,-0.908527082873914,0.473024573031854
"93",0.724172931323381,-0.776379437510897,2.05595376174677,-0.447510889825943,2.12327709691539,-0.723336701281987,0.947527239093163,-0.221680766485905,-1.41219737574558
"94",-1.15032392472794,-0.776379437510897,-1.51488922385045,0.609756092799358,-0.948829511877822,-1.84355183179307,1.22294268454265,-0.692187121873165,-3.82606603192219
"95",0.163896503741472,-0.776379437510897,1.29231627154075,0.157305890167365,-0.948829511877822,-0.846082796206774,-2.80870982120352,-2.8649949583895,-0.203809728158017
"96",-3.27508143790577,-0.667118256101863,0.108503145732903,0.609756092799358,2.12327709691539,4.31198760080374,-1.11305752314679,-0.685231659691987,2.28647444138443
"97",0.890371608831478,-0.667118256101863,-1.13307047874744,-1.49995325789404,-0.948829511877822,-0.720167813504794,-0.626971502083452,-2.00666594443116,-0.599673793735284
"98",2.30987081162044,-0.667118256101863,1.67413501664376,0.157305890167365,-0.948829511877822,2.22666328456686,7.97553527957948,-2.8649949583895,3.03600047491995
"99",-2.29462848592577,-0.667118256101863,0.490321890835914,1.20648932632898,-0.948829511877822,-1.84355183179307,2.09547224961712,-0.256320098241342,-1.13796970376446
"100",1.65751206265808,-0.776379437510897,1.67413501664376,2.26701524086076,-0.948829511877822,-0.991337038378328,-1.67189573752083,-1.09918121485139,2.28647444138443
"101",0.943228972420382,-0.667118256101863,1.29231627154075,-1.49995325789404,-0.948829511877822,-0.462030969997686,1.00711389914335,-0.0501980689155789,-0.596273747590413
"102",-1.01439806935668,-0.776379437510897,-1.51488922385045,-1.49995325789404,-0.948829511877822,-2.31689822268424,-0.451886598244553,-1.55466002312986,0.817277086706792
"103",1.94818913459288,-0.667118256101863,0.108503145732903,-0.450769821732419,2.12327709691539,-2.31689822268424,2.43017804872312,4.6052865465459,-2.61111804039157
"104",1.10690819544931,-0.776379437510897,-0.751251733644428,-1.49995325789404,-0.948829511877822,0.195470645713629,1.26982639382915,-0.700842808376475,-1.18894843596235
"105",-1.74402461871701,-0.776379437510897,0.490321890835914,0.609756092799358,0.537185985735065,-1.25283663351707,0.695762105885723,-0.262691958846822,-4.49349087882874
"106",-2.81071211429228,2.35923892371781,-0.712894843145612,-0.439427343362261,-0.948829511877822,-1.11725202108031,-1.71811600968784,-2.4218045606699,0.161688836388703
"107",1.40759829603387,-0.667118256101863,1.67413501664376,-1.49995325789404,-0.948829511877822,-1.7079672193563,0.0500008199157836,-1.12760852307975,1.6150986125284
"108",-0.661600375277835,-0.667118256101863,1.29231627154075,-1.49995325789404,-0.948829511877822,-0.584583201068028,-1.95429658322996,4.6052865465459,2.02827409628793
"109",-2.88626010883485,-0.776379437510897,0.108503145732903,1.81014031098713,2.12327709691539,0.12868422827831,-2.20383490002537,-2.01584937991946,2.50371397302922
"110",-0.294424430936895,2.43442353629066,2.43777250684979,2.26701524086076,2.12327709691539,-2.18131361024748,-1.33663924232612,-1.54067138824885,-1.1941671599495
"111",1.4796773927139,2.43442353629066,0.490321890835914,-1.49995325789404,-0.948829511877822,-1.301213382046,7.97553527957948,4.6052865465459,-1.94108383149144
"112",1.65751206265808,-0.776379437510897,2.05595376174677,0.609756092799358,-0.948829511877822,-2.18131361024748,-2.80870982120352,-1.56384345861816,-0.728745201954398
"113",1.32250166937556,-0.667118256101863,0.490321890835914,2.87066622551891,2.12327709691539,2.38084134337032,0.899080150514123,-0.260909607964945,1.49392916820824
"114",-0.941961810054191,0.721704011824272,2.8195912519528,-1.49995325789404,-0.948829511877822,2.21382476705488,0.4001870822862,4.6052865465459,2.62677597310989
"115",-2.05198445264806,-0.776379437510897,1.25395938104194,2.87066622551891,2.12327709691539,-1.7079672193563,-0.18665098075304,-0.0618251673801063,0.0638000712217923
"116",1.29210783572207,-0.776379437510897,-0.751251733644428,2.26701524086076,-0.948829511877822,0.37314432058782,-1.92125048895334,4.6052865465459,-0.263323243959301
"117",1.56190237356268,-0.776379437510897,1.67413501664376,-0.447510889825943,-0.948829511877822,-2.04572899781071,-0.863990433478082,-1.98312596215526,1.35823988738781
"118",-3.35734301115274,-0.776379437510897,-1.89670796895346,-1.49995325789404,2.12327709691539,-0.58775208884522,0.652169052925318,-0.262691958846822,-0.181772993134938
"119",-0.880016500204833,-0.776379437510897,2.05595376174677,0.157305890167365,-0.948829511877822,3.58568779009098,-0.879216507047477,-2.19532203585765,2.15473614251347
"120",-1.87452905831031,-0.776379437510897,0.108503145732903,-1.49995325789404,2.12327709691539,0.951021001351837,1.55017534385928,4.6052865465459,0.0730273058166831
"121",-1.23443047690626,2.47363611307194,-1.13307047874744,-1.49995325789404,2.12327709691539,2.94012457776765,-0.232583591156252,4.6052865465459,2.37197567415827
"122",1.86163874074087,-0.776379437510897,2.05595376174677,0.609756092799358,-0.948829511877822,-2.18131361024748,1.79708644144809,0.599780942409872,0.225477069014779
"123",-2.77434371908834,-0.667118256101863,1.29231627154075,0.157305890167365,-0.948829511877822,2.80453996533088,0.592774602867914,-0.0502801954753252,-0.391053032222512
"124",-0.216163395443632,0.941476094900586,0.108503145732903,1.81014031098713,-0.948829511877822,1.37061335617412,1.36003147712127,4.6052865465459,-1.19738498640594
"125",0.604292065917654,2.32516235488163,2.05595376174677,2.87066622551891,2.12327709691539,-0.50412003243511,-1.92106692359043,-1.55688799643698,1.8236618453829
"126",1.32996768359076,-0.667118256101863,-1.89670796895346,1.20648932632898,-0.948829511877822,-2.18131361024748,-1.67189573752083,-2.8649949583895,1.15362763648278
"127",0.917921013177402,-0.667118256101863,0.108503145732903,-1.49995325789404,2.12327709691539,-2.04572899781071,0.000890294217256111,-0.920369871007549,1.74872946715986
"128",0.108203546138979,5.46591672405543,-1.51488922385045,0.609756092799358,0.537185985735065,2.12070685837029,-1.29052306656001,-1.14701430628412,0.0756366678102572
"129",-2.64729489122662,0.830965193233306,-1.51488922385045,0.609756092799358,-0.948829511877822,-1.84355183179307,0.134767899431784,4.6052865465459,-3.87965412611365
"130",1.01335538997813,-0.776379437510897,-1.51488922385045,-0.450769821732419,-0.948829511877822,2.70038731677279,-2.21719264327867,-1.13264807126969,2.62677597310989
"131",-1.77601138994526,-0.776379437510897,-0.751251733644428,-1.49995325789404,-0.948829511877822,2.83597192920955,-0.806935540863484,-0.48946026900592,0.822553339352205
"132",1.13334795592721,0.721704011824272,0.490321890835914,-1.49995325789404,-0.948829511877822,-2.31689822268424,0.34575940887821,-0.677830575085565,-1.26569949202767
"133",1.57931917987082,-0.776379437510897,0.490321890835914,-1.49995325789404,-0.948829511877822,4.58315682567727,-0.511097482939054,-1.9881655103452,1.82706189152777
"134",-2.40139068734891,-0.776379437510897,-1.51488922385045,-1.49995325789404,2.12327709691539,-1.57238260691954,0.695762105885723,-0.262691958846822,-0.728745201954398
"135",0.659145376588451,4.04301788729311,-0.751251733644428,0.609756092799358,-0.948829511877822,0.446349155736468,7.97553527957948,-0.240263327131611,0.828562747490651
"136",1.65713278705165,5.57517790546446,2.05595376174677,-1.49995325789404,-0.948829511877822,0.581933768173234,-0.451886598244553,-1.12102097280516,0.694215086626124
"137",0.872875714346156,0.755780580660452,2.43777250684979,-0.447510889825943,2.12327709691539,-1.91014438537394,-0.0119962219093328,-1.13968124396952,1.19664687612344
"138",2.55380400813219,2.32516235488163,1.67413501664376,1.66219846086745,2.12327709691539,-2.18131361024748,-2.21719264327867,-1.98763776136021,3.03600047491995
"139",1.00150775178724,-0.667118256101863,0.108503145732903,2.87066622551891,2.12327709691539,-0.190861745124153,0.945300422681136,0.180130526966179,-1.94108383149144
"140",1.83208812874326,-0.667118256101863,1.29231627154075,-1.49995325789404,2.12327709691539,0.891432470526161,0.343236286072501,-0.899425773945361,0.608713853852283
"141",-1.18900169539724,-0.776379437510897,1.29231627154075,-1.49995325789404,-0.948829511877822,-2.04572899781071,0.296936544943484,-0.0490814461691464,0.488812151569796
"142",1.5158627931801,-0.776379437510897,1.29231627154075,0.609756092799358,-0.948829511877822,0.512941709317341,-0.264161757911353,4.6052865465459,1.03372593420029
"143",0.617593724637983,-0.776379437510897,-1.89670796895346,-1.49995325789404,-0.948829511877822,-1.84355183179307,-0.819822056990073,4.6052865465459,1.82500346533881
"144",-0.200053702665098,-0.776379437510897,0.872140635938925,2.26701524086076,-0.948829511877822,0.237559708151053,0.150569296528782,-1.33980459678214,-0.267274225908777
"145",-0.486588356334398,-0.776379437510897,2.43777250684979,-1.49995325789404,-0.948829511877822,1.95549405969333,0.0937774382390917,-1.75175611139055,1.15362763648278
"146",2.28032788206588,2.3643749316629,0.394204501664605,-0.450769821732419,-0.948829511877822,-0.584583201068028,-1.67423529496363,-1.55171488513768,3.03600047491995
"147",1.57472481146514,-0.776379437510897,1.29231627154075,-1.49995325789404,2.12327709691539,-0.23578668274012,-2.06009487081728,-2.4218045606699,-1.73246306997867
"148",0.53156157761345,-0.776379437510897,0.872140635938925,1.20648932632898,-0.948829511877822,-2.18131361024748,-1.34999698557942,-2.64791155873465,-2.746807321212
"149",0.859523391426386,-0.667118256101863,-1.51488922385045,0.157305890167365,2.12327709691539,-1.91014438537394,7.97553527957948,-0.719870991447424,1.14100035574301
"150",0.184192638302187,-0.776379437510897,-1.13307047874744,-1.49995325789404,-0.948829511877822,-1.5553431040903,-1.40899967747212,4.6052865465459,-3.48576450019673
"151",-1.5029463065121,2.35923892371781,-0.331076098042601,0.613015024705835,2.12327709691539,-1.84355183179307,-0.817482499547267,-0.0463519978460735,-1.80278518867744
"152",-2.59437253554702,-0.776379437510897,-0.751251733644428,0.157305890167365,-0.948829511877822,-0.246821422613622,-0.158467566724933,-1.34505983464118,0.612664835801761
"153",-0.257516531053765,-0.776379437510897,0.108503145732903,-1.49995325789404,-0.948829511877822,-2.04572899781071,-2.80870982120352,-2.8649949583895,0.822553339352205
"154",1.41566751679727,2.35923892371781,1.29231627154075,-1.49995325789404,2.12327709691539,4.31198760080374,-1.11828733412111,-1.54067138824885,1.81048362883854
"155",1.42314121345552,-0.667118256101863,1.29231627154075,0.609756092799358,2.12327709691539,1.37482613246687,1.79700697248608,0.368868744952415,-1.20624350488465
"156",1.05858020817539,-0.776379437510897,-1.51488922385045,0.157305890167365,2.12327709691539,-0.991337038378328,-0.86370277171428,-1.11576573494611,0.269753942082725
"157",-1.42262734093859,-0.776379437510897,-1.51488922385045,-0.447510889825943,2.12327709691539,0.784110934190874,-2.06009487081728,-2.8649949583895,3.03600047491995
"158",-3.77742999237436,-0.667118256101863,1.67413501664376,1.21783180469914,-0.948829511877822,-0.981667408643541,1.25441675489686,4.6052865465459,-0.252588518980046
"159",2.15120047500205,-0.776379437510897,1.67413501664376,-1.49995325789404,-0.948829511877822,2.66895535289411,0.389640123602417,0.831220888852318,0.199489352042222
"160",-1.07874932246505,2.43442353629066,0.394204501664605,-1.49995325789404,-0.948829511877822,2.56480270433602,-0.527057817960061,-1.76434233817828,-0.984336185057315
"161",1.94116738807481,-0.776379437510897,0.872140635938925,2.87066622551891,-0.948829511877822,-1.84355183179307,-0.526586590833356,-2.20338884859952,-0.39901252477973
"162",-0.368744750376292,-0.667118256101863,-0.751251733644428,-1.49995325789404,-0.948829511877822,-1.7079672193563,-1.05376716949029,4.6052865465459,2.83138822401492
"163",1.35204459893012,-0.776379437510897,-0.751251733644428,0.157305890167365,2.12327709691539,1.02701708296293,-0.510993386538155,-1.34224825975836,0.744403134672714
"164",2.15120047500205,-0.776379437510897,1.29231627154075,-1.49995325789404,-0.948829511877822,1.0936096365438,0.63917844039783,-0.0501980689155789,1.08731402839175
"165",2.02357536366132,0.830965193233306,1.29231627154075,-1.49995325789404,-0.948829511877822,-2.18131361024748,-0.881923195216088,-1.78456927055541,-2.61111804039157
"166",2.10099091639859,-0.667118256101863,1.67413501664376,2.26701524086076,-0.948829511877822,2.21382476705488,-0.215234797575729,-1.12102097280516,-1.7298537079851
"167",-0.580389598098362,0.936340086955492,2.05595376174677,-0.439427343362261,-0.948829511877822,0.310764543299701,-0.217757920381438,-1.11576573494611,0.275581130532745
"168",-2.02824221447789,-0.667118256101863,-1.51488922385045,2.87066622551891,-0.948829511877822,-1.25283663351707,-1.92900342273337,4.6052865465459,2.62677597310989
"169",-2.00177489404461,-0.776379437510897,-1.51488922385045,-1.49995325789404,2.12327709691539,-1.84355183179307,0.904414057889343,-0.0369528726886665,-0.603624775684761
"170",1.18038077140508,-0.776379437510897,1.67413501664376,-1.49995325789404,-0.948829511877822,-1.08199671319913,0.620590886170216,-0.89202468933894,-0.190449291925223
"171",0.9010032115901,-0.776379437510897,-1.51488922385045,0.609756092799358,0.537185985735065,-0.991337038378328,1.7865394827643,-0.0179246896177178,0.27879895698919
"172",-1.18521867522584,5.57517790546446,0.108503145732903,0.760956874825511,2.12327709691539,4.59107455219261,-2.80870982120352,-1.35143169524666,-0.916779190170189
"173",0.393901439982446,-0.776379437510897,2.05595376174677,-0.450769821732419,0.537185985735065,2.97675678676304,0.0910707500704801,-0.670797402385735,0.815218660517823
"174",0.574714874304273,-0.776379437510897,-0.751251733644428,-1.49995325789404,-0.948829511877822,2.66895535289411,0.636471752229218,0.602008915716993,1.48336031365744
"175",-0.32332365131033,5.57517790546446,-0.751251733644428,-1.49995325789404,-0.948829511877822,0.620263245652627,-0.199458027917626,4.6052865465459,1.69854141911327
"176",-2.28311316155292,-0.776379437510897,0.490321890835914,2.87066622551891,-0.948829511877822,-1.91014438537394,-2.06009487081728,-2.8649949583895,-1.60078229976598
"177",0.0661450690323334,-0.776379437510897,0.108503145732903,-0.450769821732419,-0.948829511877822,-2.31689822268424,-2.80870982120352,-2.8649949583895,0.0843868445187736
"178",-0.0405236808295257,0.936340086955492,0.910497526437741,-1.49995325789404,2.12327709691539,-0.517990647487155,-0.449075813675042,-0.703732093777946,2.04035044122309
"179",1.30717917882695,-0.776379437510897,0.490321890835914,-0.450769821732419,2.12327709691539,-0.355696902486364,-2.21719264327867,4.6052865465459,0.815935466750889
"180",1.22993893838436,0.936340086955492,2.43777250684979,1.21783180469914,-0.948829511877822,-2.31689822268424,-0.794049024736895,-1.35660480654596,0.608713853852283
"181",1.68644419333908,-0.776379437510897,-1.51488922385045,-0.450769821732419,-0.948829511877822,-1.91014438537394,-0.451886598244553,-1.10724802759326,-0.181222057330332
"182",1.86352031207041,-0.776379437510897,-1.89670796895346,-1.49995325789404,-0.948829511877822,-2.18131361024748,-0.174164867421032,4.6052865465459,0.145901257850761
"183",-1.5374331303865,-0.776379437510897,-1.51488922385045,0.609756092799358,-0.948829511877822,-0.313413976194494,7.97553527957948,-1.11820939792234,-1.66093073790049
"184",-2.30189821927228,-0.776379437510897,1.67413501664376,2.26701524086076,-0.948829511877822,1.3433941685882,2.41484787875282,1.01077567135026,0.0677510531712692
"185",-2.81976554515818,-0.776379437510897,-1.13307047874744,2.26701524086076,-0.948829511877822,-0.855752425941561,0.369296980089481,-1.55577137369055,-3.62090284521255
"186",1.65751206265808,-0.776379437510897,2.05595376174677,-1.49995325789404,-0.948829511877822,-1.91014438537394,-1.92143405431624,-2.4218045606699,1.0820953044046
"187",-3.05182785863249,-0.667118256101863,-1.89670796895346,-1.49995325789404,2.12327709691539,-1.84355183179307,-1.33982580225132,4.6052865465459,-4.28887862792371
"188",-0.216891341831967,-0.776379437510897,-1.51488922385045,0.609756092799358,0.537185985735065,-0.981667408643541,-1.02324419801937,0.401725725825976,-2.61111804039157
"189",-2.30781775304082,-0.776379437510897,-1.13307047874744,2.87066622551891,-0.948829511877822,-2.18131361024748,-2.80870982120352,-2.8649949583895,-0.452147916326389
"190",0.614785826307931,5.57517790546446,0.872140635938925,1.66219846086745,2.12327709691539,4.04081837593021,0.386829339032906,0.173758666360699,0.281590538671191
"191",1.94764332781002,-0.667118256101863,-1.51488922385045,-1.49995325789404,2.12327709691539,-0.626866127359897,-1.69187175030796,-1.35143169524666,0.469624526886982
"192",2.00555653959786,-0.776379437510897,2.05595376174677,-1.49995325789404,-0.948829511877822,-1.25283663351707,-0.832996234880464,-1.53785981336603,-0.933357452859429
"193",-1.5935823515954,-0.667118256101863,1.67413501664376,0.609756092799358,-0.948829511877822,0.76551748782418,-1.0564738576589,-1.56384345861816,1.15362763648278
"194",-1.18000582550355,-0.667118256101863,-1.51488922385045,-1.49995325789404,0.537185985735065,-2.31689822268424,0.66523913441481,-0.920154181338442,0.404652538751859
"195",0.240545822822832,-0.776379437510897,-1.13307047874744,-1.49995325789404,-0.948829511877822,1.37482613246687,-1.31647966417609,-1.98349387406185,-0.383775882046394
"196",-2.91823809894487,-0.667118256101863,-1.89670796895346,1.81014031098713,-0.948829511877822,-0.584583201068028,-0.866329990920888,-1.34208842267996,-0.79893591407667
"197",0.339317939846353,0.721704011824272,-0.751251733644428,-0.450769821732419,0.537185985735065,1.6843248348198,-1.0564738576589,-1.56384345861816,0.744403134672714
"198",-1.12346964624517,-0.776379437510897,-1.51488922385045,-1.49995325789404,-0.948829511877822,-1.08199671319913,0.386933435433805,-0.899425773945361,-1.39016064072251
"199",-1.77660231130649,-0.776379437510897,-1.89670796895346,-1.49995325789404,-0.948829511877822,1.95549405969333,-2.30963318761269,-1.97934998676349,-2.8157302912966
"200",1.09982145684054,-0.776379437510897,0.108503145732903,-0.450769821732419,-0.948829511877822,-2.31689822268424,-1.46821056216662,-2.19287837288142,-1.60473328171546
"201",0.658807413347748,-0.667118256101863,1.25395938104194,1.20648932632898,2.12327709691539,-0.0845276776128306,-0.884070542666111,4.6052865465459,-0.933357452859429
"202",2.505500464804,-0.667118256101863,-1.51488922385045,-1.49995325789404,2.12327709691539,0.615063000535909,1.19764952404606,0.618891252040567,-1.06242886107854
"203",-2.41971767922604,-0.776379437510897,0.108503145732903,-0.450769821732419,-0.948829511877822,3.11505888059842,-1.13350476306062,-1.76301002576274,1.49653853020181
"204",1.23841608577126,-0.667118256101863,1.67413501664376,-1.49995325789404,-0.948829511877822,-2.18131361024748,-0.29486829474517,-1.11183753731686,1.42366457816773
"205",2.35599783500227,-0.667118256101863,0.108503145732903,1.66219846086745,-0.948829511877822,1.51041074490364,0.60788793540653,-0.262691958846822,-0.197800320019571
"206",0.814556676112023,-0.776379437510897,-1.51488922385045,0.157305890167365,2.12327709691539,-0.142291132740777,-1.1157642113154,-2.19532203585765,1.70115078110684
"207",-1.7919248018551,-0.667118256101863,-1.51488922385045,-1.49995325789404,-0.948829511877822,0.208309163225608,-1.1291219545687,4.6052865465459,-2.82780663623176
"208",-2.58781439162497,-0.667118256101863,-1.13307047874744,1.81014031098713,-0.948829511877822,0.921770456426392,-0.82446789980691,-1.97372683699785,1.94411448347
"209",0.236171881290198,2.32516235488163,3.20140999705581,-1.49995325789404,-0.948829511877822,-0.858921313718753,-0.82446789980691,-2.03086723880141,1.07413581184738
"210",-2.57884608168666,2.47363611307194,2.05595376174677,2.87066622551891,-0.948829511877822,4.17640298836698,-0.806935540863484,-0.255736496665644,1.15362763648278
"211",1.71350243513359,-0.776379437510897,2.05595376174677,-1.49995325789404,-0.948829511877822,-1.57238260691954,1.25712344306547,-0.464593246500225,-2.14569608239647
"212",-0.994186551063256,-0.667118256101863,-1.13307047874744,1.66219846086745,-0.948829511877822,-1.84355183179307,1.26934652207257,1.03845954092451,-2.47542875957114
"213",-2.29481148066351,-0.776379437510897,-1.51488922385045,0.157305890167365,-0.948829511877822,-0.935377360888859,1.79690287608518,0.401725725825976,-1.47827123548992
"214",1.52551300978472,2.3643749316629,2.01759687124796,-1.49995325789404,-0.948829511877822,-0.142291132740777,-0.830289546711852,-1.08808186537185,1.70115078110684
"215",0.581771136216909,-0.667118256101863,-1.89670796895346,-0.450769821732419,-0.948829511877822,-0.462030969997686,1.00459077633764,4.6052865465459,-3.26797403274733
"216",-1.1192132410802,0.827078905546458,2.05595376174677,0.760956874825511,-0.948829511877822,-1.57238260691954,-0.169198090771619,-0.29985266409714,3.03600047491995
"217",1.00542542971347,-0.776379437510897,-0.751251733644428,1.20648932632898,-0.948829511877822,-0.946412100762361,-0.910210705645095,4.6052865465459,-3.82551509611758
"218",-0.0190422895953188,-0.776379437510897,-0.751251733644428,2.87066622551891,2.12327709691539,-1.13009053859229,-0.78929908551916,-1.0933371032309,-0.275342060236193
"219",2.5806551706053,-0.776379437510897,-0.369432988541417,1.81014031098713,2.12327709691539,-2.04572899781071,-1.12641526640008,4.6052865465459,-2.33758281940194
"220",-3.87761758631414,-0.776379437510897,1.29231627154075,0.760956874825511,-0.948829511877822,0.0382184173119567,-1.05629029229599,-1.12383254768798,0.404101602947253
"221",1.05210426844018,-0.667118256101863,0.108503145732903,1.20648932632898,-0.948829511877822,-1.57238260691954,-0.567577052026048,-1.55163275857793,-1.4013887728481
"222",0.239155414044707,2.47363611307194,1.67413501664376,-1.49995325789404,-0.948829511877822,-0.720167813504794,1.23882355060166,0.173175064785,0.488812151569796
"223",-0.0394359474942103,-0.776379437510897,-1.89670796895346,-0.450769821732419,2.12327709691539,-2.31689822268424,0.137474587600396,0.595637055111513,1.0820953044046
"224",1.52988695131735,2.32516235488163,1.67413501664376,0.609756092799358,-0.948829511877822,4.72665916462938,-2.01369103328736,-2.2149338205043,2.62677597310989
"225",1.3094675857183,-0.776379437510897,-0.751251733644428,0.760956874825511,-0.948829511877822,0.358763650513881,-0.155840347518325,4.6052865465459,-1.51923204894162
"226",1.00934426049063,0.830965193233306,-0.751251733644428,-0.450769821732419,2.12327709691539,-1.91014438537394,0.623297574338828,4.6052865465459,-2.54425349649594
"227",-2.53171981464753,-0.776379437510897,1.29231627154075,-1.49995325789404,2.12327709691539,-2.18131361024748,-1.04136052512028,-2.64095609655347,-1.47827123548992
"228",-1.33929464343855,-0.776379437510897,-1.89670796895346,0.609756092799358,-0.948829511877822,-2.04572899781071,-2.80870982120352,-2.8649949583895,-1.40879732960071
"229",-1.67806817938015,2.32516235488163,1.29231627154075,-1.49995325789404,-0.948829511877822,-0.855752425941561,-0.557397224068071,-2.8649949583895,-0.728745201954398
"230",1.7554388096619,0.721704011824272,3.20140999705581,1.20648932632898,-0.948829511877822,-2.31689822268424,0.314181242123108,-0.662357405551533,0.737234326266792
"231",1.53235487757472,-0.776379437510897,1.29231627154075,-0.447510889825943,-0.948829511877822,0.784110934190874,-1.69176765390706,4.6052865465459,3.03600047491995
"232",-1.69424919928514,-0.667118256101863,1.63577812614495,2.26701524086076,2.12327709691539,1.1594328076225,0.948111207250647,0.602592517292692,0.2723633040763
"233",-0.320365186693961,-0.667118256101863,-1.13307047874744,-1.49995325789404,0.537185985735065,-1.43679799448277,0.0936979692770878,-0.262691958846822,-1.15059698450422
"234",-0.834294870033478,2.32516235488163,0.108503145732903,-1.49995325789404,-0.948829511877822,-2.04572899781071,0.299459667749193,4.6052865465459,0.829113683295257
"235",-1.6762076380453,-0.776379437510897,-1.51488922385045,1.66219846086745,-0.948829511877822,-0.855752425941561,-2.80870982120352,-2.8649949583895,1.8236618453829
"236",0.619679259279266,-0.776379437510897,-1.51488922385045,-1.49995325789404,-0.948829511877822,2.21382476705488,0.934937029360256,4.6052865465459,2.09108942507429
"237",-2.55162899115876,-0.776379437510897,0.910497526437741,0.609756092799358,-0.948829511877822,1.22919424898057,-0.776124907628769,4.6052865465459,-1.58609659283725
"238",0.725570092689744,-0.667118256101863,-1.13307047874744,0.157305890167365,-0.948829511877822,0.138547721867544,-2.80870982120352,-1.98142573783313,1.29192627929678
"239",-2.60183854976222,2.3643749316629,1.25395938104194,-0.450769821732419,-0.948829511877822,-1.08199671319913,-1.92125048895334,-1.31907618938905,0.151177510496175
"240",-2.65314943290447,3.74806119164394,-0.751251733644428,0.157305890167365,-0.948829511877822,-0.846082796206774,1.28223303819916,4.6052865465459,0.366301087293734
"241",2.28741462067465,-0.776379437510897,-1.13307047874744,-1.49995325789404,-0.948829511877822,-0.517990647487155,-1.3626999363431,-2.64095609655347,0.488812151569796
"242",-0.281695444595701,-0.667118256101863,-0.751251733644428,-0.450769821732419,2.12327709691539,0.167798266792988,7.97553527957948,4.6052865465459,-4.08426637701868
"243",-2.1602922463071,2.32516235488163,-1.51488922385045,2.87066622551891,-0.948829511877822,-0.23578668274012,-1.62530833462801,-2.41936089769368,3.03600047491995
"244",2.39723908366742,2.32516235488163,-0.369432988541417,0.601672546335676,-0.948829511877822,1.33372453885341,-1.0720670619541,-1.56214323429603,1.49653853020181
"245",-3.75057571389159,-0.776379437510897,-1.13307047874744,-1.49995325789404,-0.948829511877822,-2.31689822268424,1.57352934970765,0.16038517921017,-1.60473328171546
"246",2.55133608187482,-0.667118256101863,1.67413501664376,-1.49995325789404,2.12327709691539,-2.18131361024748,1.00700980274245,4.6052865465459,-1.60078229976598
"247",-2.42914405500658,-0.667118256101863,-1.51488922385045,0.609756092799358,2.12327709691539,-2.31689822268424,-0.292161606576558,-1.77567162041396,1.81971086343343
"248",2.02108299345822,0.755780580660452,0.490321890835914,1.20648932632898,-0.948829511877822,-2.18131361024748,-2.4997770543507,-2.22656091896883,0.0717595637790114
"249",1.23280783582605,-0.776379437510897,2.05595376174677,1.66219846086745,-0.948829511877822,4.44757221324051,1.22623334086875,4.6052865465459,3.03600047491995
"250",-1.33872475207202,-0.776379437510897,0.910497526437741,1.66219846086745,-0.948829511877822,1.36477886141733,0.762221425164773,-1.75494321302088,1.70115078110684
"251",1.21575593151373,-0.776379437510897,1.67413501664376,-1.49995325789404,-0.948829511877822,-0.846082796206774,-1.92088335822753,0.189313962454479,0.148510619844335
"252",1.25432181523805,-0.776379437510897,1.29231627154075,0.609756092799358,-0.948829511877822,4.99782838950291,-1.50162378716905,-2.64095609655347,3.03600047491995
"253",-1.69286608939961,-0.776379437510897,2.05595376174677,2.87066622551891,0.537185985735065,4.59107455219261,-1.0564738576589,-1.56384345861816,0.539790883767683
"254",1.4356739696153,-0.776379437510897,-1.51488922385045,0.609756092799358,0.537185985735065,4.31198760080374,-1.50172788356995,-2.8649949583895,1.54617564244379
"255",-2.06231452034743,-0.667118256101863,-1.51488922385045,-1.49995325789404,-0.948829511877822,-0.246821422613622,7.97553527957948,-0.0593815044038783,0.611323215845858
"256",-1.79312200026214,-0.667118256101863,-1.13307047874744,-1.49995325789404,-0.948829511877822,-0.847886573845251,0.636471752229218,4.6052865465459,-2.40389642749297
"257",0.294494394896045,-0.667118256101863,0.05074264706041,0.609756092799358,-0.948829511877822,-0.723336701281987,-0.850816255587691,4.6052865465459,1.0807536844487
"258",1.68457030445259,-0.776379437510897,-1.51488922385045,-1.49995325789404,-0.948829511877822,-2.18131361024748,0.384706619021778,4.6052865465459,2.62677597310989
"259",0.787795849190529,0.721704011824272,-1.51488922385045,-1.49995325789404,-0.948829511877822,-0.462030969997686,0.301478291359422,-0.439275329383542,-2.95402893411061
"260",2.10099091639859,-0.667118256101863,1.67413501664376,2.26701524086076,-0.948829511877822,0.644313545461352,-0.464773114371142,-1.12102097280516,-0.728745201954398
"261",2.42617121434841,-0.667118256101863,-1.89670796895346,-0.447510889825943,-0.948829511877822,-2.18131361024748,-0.508470263732446,-0.470591923013369,-0.1944002738747
"262",2.00456646511787,-0.776379437510897,-1.51488922385045,-1.49995325789404,-0.948829511877822,-0.710498183770007,-1.1158683077163,-2.8649949583895,1.8236618453829
"263",1.58664355744877,-0.776379437510897,0.490321890835914,-1.49995325789404,2.12327709691539,-1.57238260691954,-1.11334518491059,-1.33240351217571,-0.317462273955367
"264",-1.20299829357911,-0.776379437510897,-1.89670796895346,-1.49995325789404,-0.948829511877822,-0.491281514923131,0.93029118654342,-1.55933165941321,-0.185173039279809
"265",-3.37051581470649,-0.776379437510897,-0.273315599370108,2.87066622551891,2.12327709691539,1.6843248348198,4.20023403297496,-1.56384345861816,-0.728745201954398
"266",0.755984390256954,-0.667118256101863,1.29231627154075,-1.49995325789404,-0.948829511877822,2.00079663862405,-1.28005557683823,-2.4308281590798,0.949015385577744
"267",1.30908831011187,3.74806119164394,-1.13307047874744,0.760956874825511,-0.948829511877822,0.581933768173234,-1.92900342273337,-1.98142573783313,3.03600047491995
"268",-1.9903142139032,-0.776379437510897,-1.89670796895346,0.609756092799358,-0.948829511877822,2.70038731677279,0.0187103149244835,-1.10666442601756,1.15362763648278
"269",2.37637305774016,-0.667118256101863,1.67413501664376,0.157305890167365,-0.948829511877822,1.80707092974458,-0.776124907628769,-0.47095983491996,-0.0494837584593789
"270",-0.0910847938771576,-0.776379437510897,0.490321890835914,-0.450769821732419,2.12327709691539,-2.31689822268424,1.79700697248608,4.6052865465459,-3.48576450019673
"271",-1.84677569065264,2.32516235488163,-0.751251733644428,-1.49995325789404,-0.948829511877822,-0.0793274324961123,-0.719253580377075,-1.34091594734282,1.68797256456247
"272",0.290551418114543,-0.667118256101863,1.67413501664376,0.609756092799358,-0.948829511877822,-0.720167813504794,-1.072171158355,-0.663841940204556,-0.597006903083445
"273",-1.71277543012759,-0.776379437510897,-1.51488922385045,-1.49995325789404,2.12327709691539,-1.21758132563589,3.2865304413449,1.91478751395286,-2.47542875957114
"274",1.86677891592941,-0.667118256101863,2.05595376174677,-1.49995325789404,-0.948829511877822,2.80453996533088,0.0472941317471721,-0.697897670384295,0.413328837542144
"275",-1.33027168926879,-0.776379437510897,-1.51488922385045,-1.49995325789404,-0.948829511877822,-2.04572899781071,0.10676805076658,-0.693887346195296,-0.181222057330332
"276",1.25887106906536,-0.776379437510897,1.29231627154075,-1.49995325789404,-0.948829511877822,1.7894976962925,-1.0564738576589,-1.56139979564193,1.48336031365744
"277",1.10535492077035,-0.776379437510897,0.910497526437741,-1.49995325789404,2.12327709691539,1.5003634738541,-0.760531703333569,-1.12516486010352,-0.598332173779382
"278",0.925062396017628,-0.776379437510897,1.67413501664376,1.20648932632898,2.12327709691539,4.72665916462938,-0.281902309656577,-1.58515546758694,1.50333862249155
"279",1.52101937050927,-0.776379437510897,2.05595376174677,1.66219846086745,-0.948829511877822,1.42111618022155,-0.806935540863484,-1.11183753731686,2.49108669228946
"280",2.34377092120495,-0.776379437510897,-0.751251733644428,-0.447510889825943,2.12327709691539,-1.57238260691954,0.139334273286616,-0.235008089272563,-0.39901252477973
"281",-0.254895305684092,-0.667118256101863,2.01759687124796,-1.49995325789404,-0.948829511877822,-1.46785231704669,1.19728239332025,4.6052865465459,-2.21317919936537
"282",-0.0885382841029051,-0.776379437510897,0.108503145732903,1.20648932632898,-0.948829511877822,0.12868422827831,1.78672304812721,-0.262691958846822,-4.49349087882874
"283",1.35852053866533,2.25386402999562,1.25395938104194,-1.49995325789404,-0.948829511877822,-1.25283663351707,1.24105901164356,-0.0410967599870259,-3.49839178093649
"284",-2.12176745999369,2.14460284858659,-0.751251733644428,0.760956874825511,2.12327709691539,-2.04572899781071,-1.11324108850969,-0.668513576487904,-3.7479158272427
"285",1.93289420399966,-0.776379437510897,-0.751251733644428,0.609756092799358,-0.948829511877822,-1.43679799448277,0.929419556622134,-0.0463519978460735,-2.60716705844209
"286",2.10287248772812,-0.667118256101863,-1.51488922385045,0.609756092799358,-0.948829511877822,0.208309163225608,-1.50172788356995,-0.491242619887798,1.15362763648278
"287",-1.95850275496963,-0.667118256101863,-1.51488922385045,-1.49995325789404,-0.948829511877822,-1.84355183179307,0.0778171032180853,-0.670715275825988,0.145901257850761
"288",2.80829567960079,-0.776379437510897,-1.51488922385045,1.66219846086745,-0.948829511877822,-0.111236810176855,-1.11334518491059,0.826047777553017,2.83138822401492
"289",0.39095943892737,-0.776379437510897,-1.51488922385045,0.609756092799358,-0.948829511877822,-1.25283663351707,-0.215234797575729,4.6052865465459,-0.507554688360128
"290",-1.88259827907371,-0.776379437510897,-1.89670796895346,2.87066622551891,-0.948829511877822,-0.326446357560919,-0.304968653741143,4.6052865465459,-0.4699939210533
"291",1.68046362322662,-0.776379437510897,1.67413501664376,1.66219846086745,-0.948829511877822,0.216175015321918,0.43052648839421,0.189313962454479,-0.0553109469093986
"292",0.330040537018115,-0.667118256101863,1.67413501664376,-1.49995325789404,-0.948829511877822,-2.31689822268424,-0.202244185048241,4.6052865465459,0.0869962065123482
"293",0.272478454479932,2.24997774230877,2.05595376174677,-1.49995325789404,2.12327709691539,1.0866056137886,-1.05629029229599,4.6052865465459,2.49108669228946
"294",1.90974288719071,2.32516235488163,1.67413501664376,-1.49995325789404,-0.948829511877822,-0.981667408643541,0.356226898599989,-0.496575568265497,-0.863883546970222
"295",-1.1412569470415,-0.776379437510897,-1.51488922385045,-1.49995325789404,-0.948829511877822,0.343893775662375,-1.1001710070202,-2.42217247257649,1.29477538963705
"296",0.705774831653496,-0.667118256101863,-1.89670796895346,-0.447510889825943,0.537185985735065,-0.374540182954079,-0.274629247633133,0.199158710037128,3.03600047491995
"297",-1.90325722567956,-0.776379437510897,-1.51488922385045,2.87066622551891,-0.948829511877822,4.44757221324051,-0.515639229354992,4.6052865465459,0.501439432309559
"298",1.45035830398342,-0.667118256101863,-1.13307047874744,0.157305890167365,-0.948829511877822,4.31198760080374,-0.54422304617768,-2.20338884859952,1.36764934167112
"299",-0.0268931134961819,-0.776379437510897,1.29231627154075,-1.49995325789404,0.537185985735065,0.195470645713629,7.97553527957948,-1.11303628662304,0.406710964940827
"300",-1.76486656006059,-0.667118256101863,-1.51488922385045,-1.49995325789404,-0.948829511877822,-2.31689822268424,-1.67152860679502,4.6052865465459,1.02789874575027
"301",1.42026188520294,-0.667118256101863,1.67413501664376,-1.49995325789404,-0.948829511877822,-1.2901786421725,0.958370504170628,4.6052865465459,-0.930748090865854
"302",0.7163718262253,-0.776379437510897,-1.13307047874744,0.157305890167365,2.12327709691539,0.310764543299701,-1.08542480520739,-2.20020936181011,1.3568982674319
"303",-1.26859216173551,3.85732237305298,2.43777250684979,-0.447510889825943,0.537185985735065,4.44757221324051,-2.06009487081728,-2.24327900217291,0.813326104757314
"304",-0.139385221195695,-0.776379437510897,-1.51488922385045,2.87066622551891,-0.948829511877822,-1.7079672193563,0.932230341191644,4.6052865465459,-2.40650578948654
"305",-1.42629698743074,-0.667118256101863,-1.51488922385045,-1.49995325789404,-0.948829511877822,-2.18131361024748,0.608288338201111,-0.487474259336944,-3.82606603192219
"306",1.89859037486299,-0.667118256101863,0.108503145732903,2.87066622551891,-0.948829511877822,-2.18131361024748,-2.80870982120352,-2.8649949583895,3.03600047491995
"307",1.84074827086789,-0.667118256101863,-1.51488922385045,-1.49995325789404,-0.948829511877822,4.31198760080374,-1.92377361175905,-1.11183753731686,2.0818621904794
"308",-2.52419147375782,-0.776379437510897,-1.51488922385045,-1.49995325789404,2.12327709691539,-1.57238260691954,0.94537989164314,0.205530570642607,0.277639556721714
"309",1.72113498052523,2.35923892371781,1.29231627154075,0.157305890167365,-0.948829511877822,4.44757221324051,0.947823545486845,-0.0571535310967577,-0.937308434808905
"310",1.76846521087611,-0.776379437510897,-1.51488922385045,0.609756092799358,-0.948829511877822,2.66895535289411,0.0939856310408896,-1.780926858273,1.75078789334883
"311",0.935244367924271,2.47363611307194,2.05595376174677,-1.49995325789404,-0.948829511877822,1.95549405969333,0.711459406581823,4.6052865465459,-0.520732904904496
"312",-1.85574400059094,0.941476094900586,0.108503145732903,2.26701524086076,2.12327709691539,-1.7079672193563,1.51928524166256,-1.37125475352132,0.951624747571319
"313",1.14277774565879,-0.776379437510897,-1.13307047874744,0.609756092799358,-0.948829511877822,-2.31689822268424,-0.557476693030075,-1.55880391042822,0.68947342052535
"314",-2.76682306064169,0.646519399251419,0.490321890835914,2.87066622551891,-0.948829511877822,1.16260169539969,-1.05405483125409,-2.8649949583895,-0.249370692523601
"315",-2.26261306368045,-0.776379437510897,-1.51488922385045,-1.49995325789404,-0.948829511877822,-1.46785231704669,-0.570467305557563,-1.55933165941321,-2.20189353858151
"316",1.94155434612429,3.86245838099807,1.67413501664376,2.26701524086076,-0.948829511877822,-1.08199671319913,-0.771078662017352,4.6052865465459,0.938446531026951
"317",1.72113498052523,-0.776379437510897,1.67413501664376,-1.49995325789404,-0.948829511877822,-1.13009053859229,0.664872003689004,-2.41936089769368,2.28647444138443
"318",-2.70480126745265,-0.776379437510897,-1.51488922385045,0.609756092799358,-0.948829511877822,-0.53937534031629,0.64954183371871,-1.11576573494611,0.744403134672714
"319",0.956890318512497,-0.667118256101863,0.490321890835914,-1.49995325789404,-0.948829511877822,1.32852429373669,0.369296980089481,-0.722842403408642,0.744403134672714
"320",1.84074827086789,2.32516235488163,1.29231627154075,-1.49995325789404,-0.948829511877822,-1.84355183179307,0.343236286072501,-0.262691958846822,-0.728745201954398
"321",1.36583723380024,-0.776379437510897,-1.51488922385045,-1.49995325789404,2.12327709691539,-2.31689822268424,0.878065702108561,-1.34224825975836,1.49392916820824
"322",-1.33312345756598,-0.667118256101863,-1.89670796895346,2.26701524086076,-0.948829511877822,-1.60343692948346,2.49169521879165,-0.272008957444483,-2.06414583157211
"323",1.7843709403429,-0.776379437510897,-0.655134344473119,0.609756092799358,-0.948829511877822,-1.69092771652707,0.150281634764981,-0.257436720987775,-2.8157302912966
"324",0.819592992926626,-0.776379437510897,-1.51488922385045,-1.49995325789404,2.12327709691539,4.72665916462938,-1.62783145743372,-1.32358798859401,1.8751915133854
"325",1.57104599579567,-0.776379437510897,1.67413501664376,0.609756092799358,-0.948829511877822,-1.91014438537394,1.48789064027036,-0.0561967454287232,-2.08465872695086
"326",1.37021117533287,-0.667118256101863,2.05595376174677,0.157305890167365,-0.948829511877822,-1.84355183179307,-0.264057661510455,-2.8649949583895,0.404101602947253
"327",-2.18784531592863,-0.667118256101863,-1.51488922385045,0.609756092799358,-0.948829511877822,-1.84355183179307,-0.23082800187093,-0.899425773945361,-0.590997494944999
"328",-1.60601322870446,-0.667118256101863,-1.51488922385045,-1.49995325789404,2.12327709691539,1.52707260641813,1.84389068177258,4.6052865465459,1.43914096924776
"329",1.14715168719142,-0.776379437510897,1.29231627154075,-1.49995325789404,-0.948829511877822,0.602224483023929,2.41448074802702,-0.0584805713265535,1.7547388752983
"330",0.918504252095579,2.32516235488163,-1.51488922385045,-1.49995325789404,-0.948829511877822,-2.04572899781071,-1.0999874416573,-0.269725131546653,-1.5231830308911
"331",-0.282349791306626,-0.776379437510897,0.910497526437741,0.609756092799358,0.537185985735065,2.36224789700363,1.23871945420076,-0.698558982478645,1.28931691730321
"332",-0.318260120668339,0.721704011824272,1.67413501664376,0.609756092799358,2.12327709691539,-1.7079672193563,-1.92088335822753,-1.97409474890445,-3.14680458842717
"333",1.20234257225004,-0.667118256101863,-1.51488922385045,0.157305890167365,-0.948829511877822,2.36224789700363,0.605948780758305,-1.12789430842659,-0.396403162786156
"334",-2.4717210682184,-0.667118256101863,-1.13307047874744,-1.49995325789404,-0.948829511877822,1.09944413130058,-0.261350973341843,-0.262691958846822,-0.728745201954398
"335",0.322090761030372,-0.667118256101863,-1.13307047874744,2.26701524086076,-0.948829511877822,-2.04572899781071,-0.586348171616565,-1.34505983464118,-0.316911338150762
"336",-2.29696200739548,0.941476094900586,1.29231627154075,2.87066622551891,2.12327709691539,3.66259757546221,-2.80870982120352,-2.8649949583895,3.03600047491995
"337",-2.81976554515818,2.24997774230877,-1.89670796895346,1.81014031098713,-0.948829511877822,0.0727245507888419,0.711355310180924,-0.0295517880822452,-0.866492908963797
"338",-0.531515759658645,0.941476094900586,1.29231627154075,0.157305890167365,2.12327709691539,-1.84355183179307,7.97553527957948,-0.659170303921208,-1.27365898458489
"339",-1.70550569678109,-0.776379437510897,-1.89670796895346,2.87066622551891,0.537185985735065,-1.43679799448277,-1.05899698046461,-0.483919245800028,-1.99728128767648
"340",1.42064116080937,0.830965193233306,1.25395938104194,-1.49995325789404,-0.948829511877822,0.620263245652627,-1.31629609881319,-1.5354161503898,1.15362763648278
"341",0.232068675435936,-0.667118256101863,-1.51488922385045,-0.450769821732419,-0.948829511877822,-1.11725202108031,0.695762105885723,4.6052865465459,-4.49349087882874
"342",-2.08671166801566,-0.667118256101863,1.63577812614495,2.26701524086076,2.12327709691539,2.34940937949165,0.948111207250647,0.16110234389523,-0.0507515004970504
"343",2.26004821106646,-0.776379437510897,-1.13307047874744,-0.450769821732419,2.12327709691539,-2.31689822268424,-1.62567546535381,4.6052865465459,-0.319520700144336
"344",-2.03050306141386,2.32516235488163,-1.51488922385045,-1.49995325789404,2.12327709691539,2.40946343949395,7.97553527957948,-0.255576659587246,0.426138337970333
"345",-1.54587851074668,-0.667118256101863,1.67413501664376,1.66219846086745,2.12327709691539,0.343893775662375,-1.12604813567428,4.6052865465459,-2.14569608239647
"346",-1.12347732868822,-0.667118256101863,-1.89670796895346,-1.49995325789404,-0.948829511877822,-2.31689822268424,-1.71793244432494,-1.54067138824885,3.03600047491995
"347",0.421259821019592,-0.776379437510897,-1.51488922385045,-1.49995325789404,-0.948829511877822,1.51041074490364,-0.55458643949856,-2.8649949583895,0.281039602866585
"348",0.552061675485913,-0.776379437510897,2.05595376174677,-1.49995325789404,2.12327709691539,4.59107455219261,-1.1592777953138,4.6052865465459,2.70492617778938
"349",2.15120047500205,-0.667118256101863,-1.13307047874744,-0.450769821732419,-0.948829511877822,-0.981667408643541,0.402630736129905,-1.15854958996207,-1.60473328171546
"350",0.0067999167669298,2.32516235488163,0.108503145732903,0.609756092799358,0.537185985735065,-1.84355183179307,0.883486946218923,4.6052865465459,-4.49349087882874
"351",0.881735612711195,-0.667118256101863,0.490321890835914,1.81014031098713,-0.948829511877822,2.80453996533088,-0.879216507047477,-1.32789171297076,0.829113683295257
"352",2.27805935268686,-0.667118256101863,-1.51488922385045,-1.49995325789404,-0.948829511877822,-1.43679799448277,0.33006210818211,-0.465418811714068,-0.85502502849151
"353",1.73915380458869,2.32516235488163,1.29231627154075,0.760956874825511,-0.948829511877822,-2.04572899781071,1.22604977550585,4.6052865465459,-0.861825120781253
"354",1.51893840230138,-0.776379437510897,2.8195912519528,0.609756092799358,2.12327709691539,-0.855752425941561,-1.96728719575745,-2.19813361074047,0.161688836388703
"355",-1.8233493027392,-0.776379437510897,1.25395938104194,-0.450769821732419,-0.948829511877822,-2.18131361024748,-1.38099982880692,-1.97934998676349,-1.79975385864875
"356",-1.77139912817433,0.830965193233306,-1.13307047874744,-1.49995325789404,2.12327709691539,-1.84355183179307,0.0884435308638727,-0.0207362645005374,-2.14830544439005
"357",-2.90045079814854,-0.667118256101863,-1.89670796895346,0.609756092799358,-0.948829511877822,-1.77455977293718,-1.92143405431624,4.6052865465459,3.03600047491995
"358",-2.07634636092773,-0.776379437510897,1.29231627154075,2.26701524086076,-0.948829511877822,2.53337074045735,-0.320745423399247,-1.34964934436478,1.6169911682889
"359",-3.69977523392691,-0.776379437510897,-1.51488922385045,0.609756092799358,-0.948829511877822,-1.08199671319913,7.97553527957948,4.6052865465459,-0.728745201954398
"360",-1.87609477938311,2.3643749316629,1.67413501664376,1.81014031098713,-0.948829511877822,4.44757221324051,-1.06665368561688,4.6052865465459,1.07547743180328
"361",1.53635520860952,-0.776379437510897,2.05595376174677,0.157305890167365,-0.948829511877822,-0.403790727879523,-1.71774887896203,-2.42217247257649,3.03600047491995
"362",1.35796502090941,5.46591672405543,2.05595376174677,0.609756092799358,2.12327709691539,3.85685701496451,-2.21682551255286,-2.41691723471745,2.21755147129983
"363",1.70407264540202,-0.667118256101863,-1.51488922385045,-1.49995325789404,-0.948829511877822,0.208309163225608,-2.80870982120352,-2.2005772737167,3.03600047491995
"364",2.37388068753707,-0.776379437510897,0.490321890835914,-1.49995325789404,-0.948829511877822,-2.31689822268424,-1.40910377387302,-1.5453430245322,1.29532632544165
"365",2.16710620446883,-0.667118256101863,-1.51488922385045,1.81014031098713,-0.948829511877822,-0.720167813504794,-1.1314615120115,-1.98349387406185,-1.73908094257999
"366",2.34456159880659,-0.667118256101863,-1.51488922385045,-0.450769821732419,2.12327709691539,-2.31689822268424,-1.0564738576589,-1.78543865747796,-4.49349087882874
"367",1.49807549238378,-0.776379437510897,0.872140635938925,-1.49995325789404,-0.948829511877822,-1.91014438537394,-0.57309452476417,-2.4309879961582,-0.738763120700585
"368",-2.15397697337084,-0.776379437510897,-1.51488922385045,-1.49995325789404,2.12327709691539,2.865222474135,-1.00765099372417,-2.8649949583895,3.03600047491995
"369",-1.47113484757853,-0.776379437510897,-1.51488922385045,2.26701524086076,-0.948829511877822,3.87060923623663,-1.11305752314679,-0.663841940204556,0.745744754628616
"370",1.95933396447756,-0.776379437510897,1.67413501664376,-1.49995325789404,-0.948829511877822,4.72665916462938,-2.80870982120352,-2.8649949583895,3.03600047491995
"371",-0.986131310356211,2.24997774230877,-0.331076098042601,-0.439427343362261,-0.948829511877822,-2.31689822268424,1.02222723168197,1.49563857352512,-4.15318934710328
"372",-1.64310134525855,-0.667118256101863,-1.89670796895346,0.609756092799358,0.537185985735065,-1.11725202108031,7.97553527957948,4.6052865465459,-4.49349087882874
"373",0.455657101717534,-0.776379437510897,-1.13307047874744,0.157305890167365,-0.948829511877822,-1.7079672193563,0.901444335395824,-0.925620692825502,-1.58797279933779
"374",2.20329160493504,-0.776379437510897,0.108503145732903,2.87066622551891,-0.948829511877822,-0.491281514923131,0.96349621874405,4.6052865465459,2.0818621904794
"375",-0.629401958294782,0.755780580660452,-0.712894843145612,0.609756092799358,0.537185985735065,-2.04572899781071,0.0344870845825871,0.387369179038375,-1.61941898864419
"376",1.6920198551065,-0.776379437510897,-1.51488922385045,-1.49995325789404,-0.948829511877822,-2.31689822268424,-1.1749750960099,-1.16322122624541,0.813326104757314
"377",0.515110041363797,-0.667118256101863,-0.751251733644428,1.20648932632898,-0.948829511877822,-1.57238260691954,-0.850528593823889,-1.9933386216445,1.62432584712329
"378",-1.45883616040526,-0.776379437510897,-1.51488922385045,1.66219846086745,2.12327709691539,0.175179930862934,-1.0410642187266,-1.10199278973421,-1.08167401441962
"379",2.38690708875128,-0.776379437510897,-1.51488922385045,-1.49995325789404,-0.948829511877822,-0.846082796206774,-2.80870982120352,-0.458303512454491,1.29532632544165
"380",-0.344679406181349,2.24997774230877,1.67413501664376,2.26701524086076,0.537185985735065,-0.403790727879523,-0.544406611540583,-1.13426616903207,0.718128028149746
"381",-2.25978928081712,-0.776379437510897,1.29231627154075,1.66219846086745,-0.948829511877822,0.481509745438669,-0.21271167477002,-0.908609209433661,1.61304018633943
"382",-2.56278150348649,-0.667118256101863,-1.13307047874744,-0.450769821732419,-0.948829511877822,-0.103370958080545,1.79700697248608,-0.466002413289767,-2.40990583563141
"383",2.4559017050741,-0.667118256101863,2.05595376174677,-1.49995325789404,-0.948829511877822,0.620263245652627,2.1215329436341,0.79369227169541,0.413328837542144
"384",2.02108299345822,0.646519399251419,-1.51488922385045,-1.49995325789404,0.537185985735065,-2.31689822268424,1.25412909313305,4.6052865465459,-1.60473328171546
"385",1.11087073498674,2.47363611307194,2.8195912519528,0.601672546335676,-0.948829511877822,1.65119560245712,7.97553527957948,0.161547966320473,1.69324881720789
"386",1.23535122959065,2.3643749316629,-1.13307047874744,0.609756092799358,2.12327709691539,-2.31689822268424,-2.80870982120352,-0.901125998267493,1.13894192955404
"387",0.624735107478208,-0.776379437510897,1.67413501664376,-1.49995325789404,2.12327709691539,3.45010317765421,-2.21682551255286,4.6052865465459,0.404101602947253
"388",2.48771316400767,2.32516235488163,0.490321890835914,0.609756092799358,-0.948829511877822,-2.31689822268424,-0.171537648214425,0.378553655456667,-0.38182579762762
"389",-2.75841457062108,-0.776379437510897,1.67413501664376,-1.49995325789404,-0.948829511877822,1.6843248348198,-2.80870982120352,-1.56384345861816,0.365807680147394
"390",1.32995122002947,-0.776379437510897,2.43777250684979,0.760956874825511,-0.948829511877822,2.83597192920955,1.49854169535505,-1.56384345861816,2.16001239515889
"391",1.30987862835145,0.755780580660452,0.432561392163421,0.613015024705835,2.12327709691539,3.72127240252774,0.0938815346399905,4.6052865465459,1.61904959447787
"392",1.20234257225004,-0.776379437510897,1.67413501664376,-1.49995325789404,2.12327709691539,-2.18131361024748,0.343236286072501,-0.45379171324954,-2.07015523971056
"393",2.47427536079826,-0.776379437510897,0.872140635938925,0.601672546335676,0.537185985735065,-0.991337038378328,-0.557397224068071,-1.14936615447377,-0.869653206761978
"394",-3.36286998017402,-0.776379437510897,-0.751251733644428,-1.49995325789404,2.12327709691539,0.508728933024586,7.97553527957948,-0.463558750313539,2.49108669228946
"395",2.3286558693398,-0.667118256101863,1.67413501664376,-1.49995325789404,-0.948829511877822,2.70038731677279,-0.153237755750613,-2.8649949583895,0.357073852698843
"396",-2.47475924520436,-0.776379437510897,-1.51488922385045,-1.49995325789404,-0.948829511877822,-0.977466423326283,3.31529782353049,0.60503618026892,-1.40934826540532
"397",-0.86094206919484,-0.776379437510897,2.05595376174677,1.66219846086745,2.12327709691539,-0.855752425941561,-0.18907000715785,-1.56384345861816,0.158528538590523
"398",-0.815896770363594,0.721704011824272,-1.51488922385045,-0.450769821732419,-0.948829511877822,-1.69092771652707,0.356306367561993,-0.0414646718936172,-1.47827123548992
"399",-2.62211822076164,-0.776379437510897,2.43777250684979,-1.49995325789404,-0.948829511877822,-1.11725202108031,0.0370102073882961,-1.5361595890439,1.41783738971771
"400",-2.53550283481893,-0.776379437510897,1.29231627154075,2.87066622551891,-0.948829511877822,-2.31689822268424,-0.791054674804482,4.6052865465459,0.276297936765812
"401",-1.65784337194589,1.05073727630962,-0.369432988541417,-1.49995325789404,0.537185985735065,-0.846082796206774,-0.199721062242532,-1.09578076620713,0.0394175204593328
"402",0.566699793112027,-0.667118256101863,-0.751251733644428,0.609756092799358,-0.948829511877822,-1.25283663351707,-2.80870982120352,-1.56384345861816,-2.95141957211703
"403",0.913751034956516,-0.667118256101863,2.8195912519528,0.760956874825511,-0.948829511877822,-2.18131361024748,-1.0564738576589,-0.262691958846822,0.882701777486719
"404",1.56545387046695,-0.776379437510897,-1.89670796895346,-0.450769821732419,2.12327709691539,-2.31689822268424,-0.567944182751854,-1.32151985236528,-0.530693294992419
"405",-2.67675269985358,3.74806119164394,-1.13307047874744,2.87066622551891,-0.948829511877822,-2.31689822268424,-0.277048274037943,-1.56384345861816,-1.42008299038457
"406",1.42042841637938,5.46591672405543,3.20140999705581,-1.49995325789404,-0.948829511877822,-1.11725202108031,-1.71774887896203,-0.916010294040082,-0.726135839960824
"407",2.21194406461662,-0.667118256101863,-1.51488922385045,-1.49995325789404,-0.948829511877822,-0.584583201068028,-1.05384663845229,-1.54778668750843,-1.60078229976598
"408",0.851781579102812,0.827078905546458,1.67413501664376,2.87066622551891,2.12327709691539,1.6843248348198,-1.1000915380582,4.6052865465459,2.21755147129983
"409",-1.53552399910158,-0.776379437510897,-1.51488922385045,-1.49995325789404,-0.948829511877822,-0.991337038378328,1.19483873947655,-0.931781279802969,-2.19922664792967
"410",1.8248425414011,-0.667118256101863,0.872140635938925,-0.439427343362261,0.537185985735065,-1.43679799448277,0.649070606592006,-0.248919013634921,0.68947342052535
"411",1.70734234565511,-0.776379437510897,-1.51488922385045,0.609756092799358,-0.948829511877822,-2.04572899781071,-0.259219608700835,0.424308922433841,-1.39617004886095
"412",-1.47093088426678,-0.667118256101863,-1.89670796895346,0.609756092799358,-0.948829511877822,-1.69092771652707,-0.760531703333569,-1.56384345861816,-3.8168387973273
"413",-0.0566915320836141,-0.667118256101863,-1.13307047874744,-1.49995325789404,0.537185985735065,4.58315682567727,-1.1592777953138,-1.33980459678214,2.62677597310989
"414",2.0099304811305,-0.776379437510897,0.872140635938925,-0.450769821732419,-0.948829511877822,-1.25283663351707,-2.80870982120352,-2.8649949583895,-4.15113092091431
"415",-2.06945590318766,-0.776379437510897,-1.51488922385045,-1.49995325789404,2.12327709691539,0.82827490642705,-1.92106692359043,-2.8649949583895,1.50333862249155
"416",0.595631923793026,-0.667118256101863,-1.51488922385045,-0.447510889825943,2.12327709691539,-1.84355183179307,0.695762105885723,-0.262691958846822,2.42216372220486
"417",2.0850851869318,-0.776379437510897,0.490321890835914,1.20648932632898,-0.948829511877822,-2.31689822268424,-2.80870982120352,-2.8649949583895,1.02323095756772
"418",0.940968125484416,0.755780580660452,1.29231627154075,-0.450769821732419,2.12327709691539,1.02701708296293,-0.994372719432882,-1.77099998413061,2.2904254233339
"419",2.18013260568304,-0.776379437510897,0.108503145732903,-0.450769821732419,0.537185985735065,-1.25283663351707,3.00888817948338,1.04764297641281,-3.48576450019673
"420",-2.54742158080257,-0.667118256101863,-1.51488922385045,0.609756092799358,2.12327709691539,-1.69092771652707,1.19465517411365,-0.243663775775874,-0.263323243959301
"421",1.35783616574284,-0.776379437510897,1.67413501664376,1.81014031098713,-0.948829511877822,-0.991337038378328,0.0368266420253932,0.177686863989951,-0.593055921133968
"422",0.783421907657895,-0.776379437510897,-1.51488922385045,0.157305890167365,-0.948829511877822,-2.04572899781071,-0.616975239488378,-0.470756176132862,-1.18689000977338
"423",1.87255972980146,-0.776379437510897,0.490321890835914,-1.49995325789404,2.12327709691539,-2.31689822268424,-0.817403030585263,4.6052865465459,-0.861825120781253
"424",-2.52059486227519,0.646519399251419,-1.51488922385045,-1.49995325789404,2.12327709691539,0.479478388099142,0.927768063737711,-2.8649949583895,1.02589784821956
"425",-0.821688337176309,0.830965193233306,0.490321890835914,-1.49995325789404,2.12327709691539,0.414917191857795,-1.0565779540598,-1.79528340506061,1.61904959447787
"426",1.6711569451889,-0.776379437510897,0.490321890835914,1.81014031098713,-0.948829511877822,0.755847858089394,-0.220281043187146,4.6052865465459,2.83138822401492
"427",-2.36999063041054,2.43442353629066,2.05595376174677,-0.447510889825943,2.12327709691539,-1.60343692948346,-0.480549884029246,-0.684786037266744,-2.20189353858151
"428",-2.69326947951849,-0.776379437510897,-1.51488922385045,-1.49995325789404,2.12327709691539,1.78678021489389,-1.072171158355,-1.99503884596663,0.949015385577744
"429",1.51398122185057,-0.667118256101863,-1.51488922385045,-1.49995325789404,-0.948829511877822,-0.142291132740777,0.636551221191222,0.189975274548828,-2.26686552671663
"430",2.03660176487553,-0.776379437510897,1.29231627154075,-1.49995325789404,2.12327709691539,-2.31689822268424,0.651881391161516,-0.27150748242853,-3.62145378101716
"431",-2.09186513234504,-0.776379437510897,0.108503145732903,2.87066622551891,-0.948829511877822,3.11505888059842,-0.763342487903079,-2.8649949583895,1.70795087339658
"432",1.69353093194785,-0.776379437510897,-1.51488922385045,0.609756092799358,-0.948829511877822,-2.04572899781071,7.97553527957948,-1.56384345861816,1.40125912702847
"433",2.2412631533471,-0.667118256101863,0.872140635938925,-0.450769821732419,2.12327709691539,-1.84355183179307,-2.80870982120352,-1.3149323020907,-1.80539455067101
"434",1.65483669771725,-0.776379437510897,-1.51488922385045,-1.49995325789404,-0.948829511877822,-2.31689822268424,0.327538985376402,0.199158710037128,-0.319520700144336
"435",-0.0627359021143345,-0.776379437510897,0.490321890835914,-1.49995325789404,-0.948829511877822,3.62031464917034,-2.80870982120352,-2.8649949583895,2.62677597310989
"436",-0.154449608861404,-0.667118256101863,2.05595376174677,2.87066622551891,-0.948829511877822,0.891432470526161,-2.80870982120352,-2.8649949583895,3.03600047491995
"437",1.64598027472393,0.646519399251419,1.67413501664376,-1.49995325789404,-0.948829511877822,1.0936096365438,-1.40881611210922,-1.76412664850918,0.73383428012192
"438",-0.559330404302198,0.755780580660452,0.05074264706041,-1.49995325789404,2.12327709691539,-1.69092771652707,0.592486941104113,-1.10443645271044,-0.7300868219103
"439",-2.73501160170811,-0.667118256101863,-1.89670796895346,2.87066622551891,-0.948829511877822,0.387014935639865,-1.0564738576589,4.6052865465459,0.949015385577744
"440",-0.800874810920376,-0.667118256101863,1.25395938104194,2.26701524086076,-0.948829511877822,-1.7079672193563,-0.819822056990073,-1.97934998676349,2.49108669228946
"441",-2.5336212634894,-0.776379437510897,-0.369432988541417,0.601672546335676,-0.948829511877822,-0.111236810176855,-0.277415404763748,4.6052865465459,-2.0635948957675
"442",-0.768179581963232,-0.776379437510897,-1.51488922385045,-1.49995325789404,0.537185985735065,-1.08199671319913,0.62067035513222,4.6052865465459,1.03372593420029
"443",1.92276928840492,2.47363611307194,0.872140635938925,2.26701524086076,2.12327709691539,3.30015357921808,0.0631749978061745,-1.33454935892309,2.01698843550407
"444",-1.84182568497471,2.32516235488163,2.05595376174677,2.87066622551891,0.537185985735065,2.42921809189925,-1.05376716949029,1.03845954092451,3.03600047491995
"445",2.10785722813432,-0.776379437510897,-0.751251733644428,-0.450769821732419,-0.948829511877822,-1.21758132563589,-0.44984334719543,-0.232118803871093,-2.20790294671996
"446",1.53026622692378,-0.667118256101863,0.490321890835914,2.26701524086076,-0.948829511877822,-0.723336701281987,-0.554402874135657,0.180130526966179,-2.94881021012346
"447",-2.88817619555895,-0.776379437510897,1.29231627154075,1.81014031098713,-0.948829511877822,-2.04572899781071,0.605661118994503,-1.98763776136021,-1.7298537079851
"448",-2.61775196167206,-0.776379437510897,1.67413501664376,0.609756092799358,0.537185985735065,1.81990944725656,-0.557397224068071,-2.8649949583895,0.949015385577744
"449",-3.17084819908392,-0.667118256101863,-1.13307047874744,0.157305890167365,2.12327709691539,1.0866056137886,-0.171354082851522,-0.46807054951849,1.30587883073248
"450",-3.76799252019973,-0.776379437510897,1.67413501664376,2.87066622551891,-0.948829511877822,-0.584583201068028,-0.572990428363272,-1.56214323429603,-1.60078229976598
"451",0.0207449385403865,-0.667118256101863,1.67413501664376,-1.49995325789404,-0.948829511877822,2.0910786721301,-0.305048122703147,-1.13256594470994,1.67990473023506
"452",2.05764766953086,-0.667118256101863,1.67413501664376,0.609756092799358,-0.948829511877822,4.44757221324051,-0.806751975500581,4.6052865465459,1.9627511723482
"453",0.451487123496648,-0.667118256101863,0.490321890835914,0.157305890167365,2.12327709691539,-1.13009053859229,-1.1001710070202,-2.2005772737167,2.36462464606392
"454",-1.93070242552355,-0.776379437510897,1.29231627154075,-1.49995325789404,-0.948829511877822,1.0936096365438,-1.0564738576589,-1.32411573757899,0.744403134672714
"455",1.49616636109886,-0.776379437510897,1.67413501664376,0.609756092799358,-0.948829511877822,3.5994400113631,0.093593872876189,-0.701370557361464,1.41443734357284
"456",-4.0319139813999,-0.776379437510897,2.05595376174677,2.26701524086076,-0.948829511877822,-1.57238260691954,-0.408477110647051,4.6052865465459,2.0818621904794
"457",1.3343416251234,5.46591672405543,0.872140635938925,-0.447510889825943,-0.948829511877822,2.42921809189925,3.59806579996543,-2.8649949583895,2.69964992514397
"458",-0.179861426478321,-0.776379437510897,1.29231627154075,1.20648932632898,0.537185985735065,-1.08199671319913,-0.469339488225974,4.6052865465459,-0.521449711137561
"459",2.28340660719681,-0.776379437510897,1.29231627154075,-0.447510889825943,2.12327709691539,-0.991337038378328,7.97553527957948,-1.35652267998622,-0.602465375417285
"460",1.38820243944094,-0.776379437510897,-1.51488922385045,0.609756092799358,2.12327709691539,-0.981667408643541,0.914306224083518,4.6052865465459,0.529222029216889
"461",-0.115564758870696,-0.667118256101863,-1.89670796895346,1.66219846086745,0.537185985735065,3.72127240252774,-0.462066426202531,-0.47733169552544,0.744403134672714
"462",1.12657706757517,-0.776379437510897,-1.51488922385045,2.87066622551891,-0.948829511877822,-0.462030969997686,0.356330995000888,4.6052865465459,-3.82606603192219
"463",1.56912351695911,-0.667118256101863,1.67413501664376,1.66219846086745,-0.948829511877822,2.80453996533088,0.0602601168357653,-0.235008089272563,0.414061993035176
"464",0.442905771607818,5.57517790546446,-0.369432988541417,0.157305890167365,-0.948829511877822,-1.57238260691954,0.340713163266792,-0.491402456966195,-2.38921072056423
"465",1.19289175252377,2.3643749316629,-0.751251733644428,1.66219846086745,2.12327709691539,2.0910786721301,-0.245757769046643,0.162213694455918,1.61904959447787
"466",1.78226552818928,-0.667118256101863,0.872140635938925,-0.450769821732419,-0.948829511877822,-1.11725202108031,-2.80870982120352,-2.8649949583895,-4.49349087882874
"467",-2.44408654294488,-0.667118256101863,-0.331076098042601,0.760956874825511,-0.948829511877822,0.0727245507888419,-2.5591715044081,-0.248042011871463,3.03600047491995
"468",-2.18308441634652,-0.667118256101863,-1.89670796895346,2.26701524086076,2.12327709691539,-2.18131361024748,-0.20234828144914,4.6052865465459,-0.521523589055793
"469",1.40014874537996,-0.776379437510897,2.05595376174677,-1.49995325789404,2.12327709691539,-0.841881810889516,2.09536815321622,-0.265053495263304,-1.20418507869568
"470",-0.241681909379726,-0.667118256101863,-1.13307047874744,-1.49995325789404,-0.948829511877822,0.0727245507888419,-0.744859030076364,4.6052865465459,1.61904959447787
"471",-1.48930142398128,-0.667118256101863,-1.51488922385045,0.609756092799358,-0.948829511877822,-0.491281514923131,0.621254323289704,4.6052865465459,-3.82606603192219
"472",0.00384145215056031,-0.776379437510897,-1.89670796895346,-1.49995325789404,2.12327709691539,-1.16562876960924,0.91459388584732,-0.256320098241342,1.48336031365744
"473",-0.814615869382085,-0.667118256101863,-1.13307047874744,-1.49995325789404,2.12327709691539,-1.25283663351707,0.0472941317471721,-1.14419304317447,0.145901257850761
"474",-1.27837439412201,-0.667118256101863,2.43777250684979,-1.49995325789404,0.537185985735065,0.963859518863817,1.81252070781928,-0.226941276530696,1.41783738971771
"475",-0.537435293427189,-0.776379437510897,0.108503145732903,-1.49995325789404,-0.948829511877822,1.51041074490364,0.299435040310298,-1.98779759843861,0.149301303995632
"476",-0.104823289176121,0.646519399251419,1.29231627154075,0.157305890167365,2.12327709691539,0.479478388099142,2.44799806943034,-2.8649949583895,0.539790883767683
"477",1.79798826291834,2.43442353629066,1.29231627154075,-1.49995325789404,2.12327709691539,-0.720167813504794,0.0603642132366637,-0.698558982478645,2.49108669228946
"478",-2.37683249820054,-0.776379437510897,0.108503145732903,0.760956874825511,-0.948829511877822,-2.04572899781071,-0.701529011440866,-2.21374475942496,2.04430142317257
"479",-2.06329581370918,-0.667118256101863,-1.89670796895346,0.609756092799358,2.12327709691539,4.99782838950291,0.0604436821986682,-0.668353739409507,1.49392916820824
"480",-1.96926830924787,-0.776379437510897,-1.51488922385045,-1.49995325789404,-0.948829511877822,3.612396922655,-0.20476730785395,-1.34054803543623,-1.27365898458489
"481",-1.53779594243164,-0.667118256101863,-1.89670796895346,-1.49995325789404,-0.948829511877822,-1.25283663351707,-0.171537648214425,-1.11932074848303,-2.746807321212
"482",-0.227474756504744,-0.667118256101863,0.108503145732903,-1.49995325789404,-0.948829511877822,2.97675678676304,7.97553527957948,-2.19287837288142,0.889501869776461
"483",1.37907528076925,-0.776379437510897,-1.51488922385045,-1.49995325789404,-0.948829511877822,2.66895535289411,-0.613797324193061,4.6052865465459,1.29720253194219
"484",-1.26867129809931,0.646519399251419,-1.13307047874744,0.157305890167365,-0.948829511877822,4.72665916462938,0.137499215039291,-1.55688799643698,3.03600047491995
"485",-4.2599658923906,2.3643749316629,-1.13307047874744,2.87066622551891,-0.948829511877822,2.21382476705488,-2.21682551255286,-1.55444433346075,1.6747943480181
"486",0.78356087887895,-0.776379437510897,-1.51488922385045,0.609756092799358,-0.948829511877822,0.12868422827831,1.90259706727161,4.6052865465459,-0.388443670228937
"487",1.18414075344885,-0.667118256101863,-1.51488922385045,-1.49995325789404,-0.948829511877822,-2.31689822268424,-0.853155813030497,-2.20338884859952,-1.94108383149144
"488",-1.50808648170064,3.86245838099807,-1.13307047874744,-1.49995325789404,-0.948829511877822,-0.855752425941561,0.343315755034505,-0.678198486992156,-0.861825120781253
"489",-1.88567388819498,0.646519399251419,-0.331076098042601,0.609756092799358,-0.948829511877822,-0.23578668274012,0.0931140011196037,-0.45023142752688,2.28647444138443
"490",1.6679826683195,-0.667118256101863,-1.51488922385045,0.609756092799358,-0.948829511877822,-2.31689822268424,0.63917844039783,4.6052865465459,-2.87192774748164
"491",-0.184469084024832,-0.776379437510897,-1.51488922385045,-1.49995325789404,2.12327709691539,-1.7079672193563,1.24366160341128,4.6052865465459,0.744403134672714
"492",1.13871965438289,-0.776379437510897,-1.13307047874744,-1.49995325789404,0.537185985735065,-0.858921313718753,-2.21700907791576,-2.2005772737167,-1.53185932968138
"493",2.50073956522188,-0.776379437510897,-1.51488922385045,0.157305890167365,-0.948829511877822,1.10365690759334,-1.46839412752952,-0.682342374290516,-1.73647158058641
"494",-0.0324800928047378,0.646519399251419,0.432561392163421,-0.447510889825943,2.12327709691539,-1.13009053859229,0.093593872876189,-0.274236930751603,-1.39751166881685
"495",0.0228469367429653,-0.776379437510897,0.108503145732903,-1.49995325789404,2.12327709691539,-2.31689822268424,-2.06009487081728,-0.262691958846822,-0.263323243959301
"496",-2.31780394873907,-0.776379437510897,2.05595376174677,2.87066622551891,-0.948829511877822,2.66895535289411,-1.38099982880692,-2.64095609655347,0.949015385577744
"497",0.0571056513012765,-0.667118256101863,-1.13307047874744,1.20648932632898,2.12327709691539,-1.57238260691954,1.21043194377175,-0.0410967599870259,-1.73647158058641
"498",0.257905572819063,2.43442353629066,-0.751251733644428,-1.49995325789404,-0.948829511877822,0.602224483023929,-1.42451341280532,-1.97653841188067,1.13499094760457
"499",-2.62964656165135,-0.776379437510897,1.67413501664376,2.87066622551891,2.12327709691539,-0.935377360888859,-0.876876949604671,-0.897197800638241,-0.933357452859429
"500",0.638982853103804,-0.776379437510897,1.29231627154075,0.760956874825511,-0.948829511877822,4.72665916462938,-0.1539011928701,-1.75531112492747,2.42216372220486
"501",-3.51787479026377,-0.776379437510897,1.29231627154075,-1.49995325789404,2.12327709691539,-1.91014438537394,-0.789482650882063,-1.35453667031724,0.690815040481252
"502",0.839958086916273,-0.776379437510897,1.67413501664376,-1.49995325789404,-0.948829511877822,-2.18131361024748,-0.274629247633133,-1.75664343734301,0.488812151569796
"503",1.79628968632653,-0.776379437510897,-1.51488922385045,1.81014031098713,-0.948829511877822,4.58315682567727,-0.922730091045878,-2.19287837288142,3.03600047491995
"504",0.211022770780607,-0.776379437510897,1.29231627154075,-0.450769821732419,-0.948829511877822,-2.04572899781071,0.0341199538567814,-1.75738687599711,1.2887659814986
"505",0.760429439582336,-0.667118256101863,-1.13307047874744,0.760956874825511,-0.948829511877822,-2.31689822268424,0.000994390618154995,-0.672575337226517,-0.524132951049367
"506",0.28342700349591,-0.776379437510897,1.67413501664376,-1.49995325789404,-0.948829511877822,4.44757221324051,0.901707369720731,-0.703732093777946,2.29570167597932
"507",-0.863613958763956,-0.667118256101863,-1.51488922385045,-0.450769821732419,-0.948829511877822,-0.858921313718753,0.0675331788592092,-0.690574296296524,-2.96215429709629
"508",-2.19859758106604,-0.776379437510897,1.29231627154075,1.81014031098713,0.537185985735065,-1.301213382046,1.47248100133807,-0.0365072502634241,0.284199900664765
